smiles,Ki_nM,pKi,target
COC(=O)[C@@H]1C2CC[C@H](C[C@@H]1c1ccccc1)N2C.Cl,33.0,7.481486060122112,DAT
CN1CCC(O)(c2ccc(Cl)c(Cl)c2)C([C@@H](O)c2ccc(Cl)c(Cl)c2)C1,4140.0,5.3829996588791005,DAT
CN1CCC(O)(c2ccc(Cl)c(Cl)c2)C(C(=O)c2ccc(Cl)c(Cl)c2)C1,10.9,7.962573502059376,DAT
Cc1ccc(C2OC(=O)OC3(c4ccc(C)cc4)CCN(C)CC23)cc1,8190.0,5.086716098239581,DAT
Cc1ccc([C@H](O)C2CN(C)CCC2(O)c2ccc(C)cc2)cc1,10650.0,4.972650392225243,DAT
CN1CCC(O)(c2ccc(F)cc2)C(C(=O)c2ccc(F)cc2)C1,5700.0,5.2441251443275085,DAT
CN1CCC(O)(c2ccc(Cl)cc2Cl)C([C@@H](O)c2ccc(Cl)cc2Cl)C1,4350.0,5.361510743045363,DAT
CN1CCC(O)(c2ccc(Cl)cc2Cl)C(C(=O)c2ccc(Cl)cc2Cl)C1,3650.0,5.437707135543525,DAT
COC(=O)[C@@H]1C2CC[C@H](C[C@@H]1c1ccc(I)cc1)N2C,0.48,9.318758762624412,DAT
COC(=O)[C@@H]1C2CCC(C[C@@H]1c1ccc(/C=C\I)cc1)N2,3.47,8.459670525209127,DAT
CN(C)Cc1ccccc1Sc1ccc(C#N)cc1N,1423.0,5.846795099915716,DAT
CNCCC(Oc1ccccc1OC)c1ccccc1,30.0,7.522878745280337,DAT
CCOc1ccccc1OC(c1ccccc1)C1CNCCO1,60.0,7.221848749616356,DAT
CN(C)Cc1ccccc1Sc1ccc(C(F)(F)F)cc1N,2038.0,5.690795820329592,DAT
COc1ccc(Sc2ccccc2CN(C)C)c(N)c1,2651.0,5.576590272266907,DAT
CN(C)Cc1ccccc1Sc1ccc(Cl)cc1N,115.0,6.939302159646388,DAT
COC(=O)[C@@H]1C2CCC(C[C@@H]1c1ccc(/C=C/I)cc1)N2,1.88,8.72584215073632,DAT
COC(=O)[C@@H]1C2CCC(C[C@@H]1c1ccc(I)cc1)N2,0.12,9.920818753952375,DAT
CN1C2CCC1[C@@H](/C=C/Cl)[C@@H](c1ccc(Cl)cc1)C2,0.88,9.05551732784983,DAT
c1ccc(CC(c2ccccc2)c2ccncc2)cc1,99.0,7.00436480540245,DAT
c1ccc(C(c2ccccc2)c2ccccn2)cc1,742.0,6.1295960947209736,DAT
c1cncc(-c2c3ccccc3cc3ccccc23)c1,10000.0,5.0,DAT
COC(=O)C1C(c2ccc(O)c(O)c2)CC2CCC1N2C,970.0,6.013228265733755,DAT
Cl.OC1(c2ccc3c(c2)OCO3)c2ccccc2C2=NCCCN21,2.55,8.593459819566045,DAT
CN(CCOC(c1ccccc1)c1ccccc1)C1CCN(CCCc2ccccc2)CC1,30.0,7.522878745280337,DAT
OC1(c2ccc(Cl)cc2)c2cccc(F)c2C2=NCCN21,23.1,7.636388020107855,DAT
OC1(c2ccc(Cl)cc2)c2ccccc2C2=NCCN21,45.0,7.346787486224656,DAT
COC(=O)C1C(c2ccc(C(C)=O)c(C(C)=O)c2)CC2CCC1N2C,10000.0,5.0,DAT
Oc1ccc(C2(O)c3ccccc3C3=NCCCN32)cc1,87.1,7.059981844992337,DAT
COC(=O)C1=C(c2ccc(C(C)=O)c(C(C)=O)c2)CC2CCC1N2C,10000.0,5.0,DAT
COC(=O)C1=C(c2ccc(O)c(O)c2)CC2CCC1N2C,10000.0,5.0,DAT
COc1cccc2c1C1=NCCN1C2(O)c1ccc(Cl)cc1,2.9,8.537602002101044,DAT
Fc1ccc(CCN2CCCC(CNCCOC(c3ccccc3)c3ccccc3)C2)cc1,100.0,7.0,DAT
COc1ccc(C2(O)c3ccccc3C3=NCCCN32)cc1,36.2,7.441291429466834,DAT
OC1(c2ccccc2)c2ccccc2C2=NCCN21,1070.0,5.97061622231479,DAT
c1ccc(CN2CCC(NCCOC(c3ccccc3)c3ccccc3)CC2)cc1,83.0,7.080921907623926,DAT
c1ccc(CCCN2CCCC(CNCCOC(c3ccccc3)c3ccccc3)C2)cc1,18.0,7.7447274948966935,DAT
OC1(c2ccc(Cl)cc2)c2ccccc2C2=NCCCN21,1.7,8.769551078621726,DAT
OC1(c2ccc(Cl)cc2)c2cc(Cl)c(Cl)cc2C2=NCCN21,1.05,8.978810700930062,DAT
COC(=O)C1C(c2ccc(OC)c(OC)c2)CC2CCC1N2C,1536.0,5.813608784304507,DAT
c1ccc(CCCNCC2CCCN(CCOC(c3ccccc3)c3ccccc3)C2)cc1,70.0,7.154901959985743,DAT
COc1ccc2c(c1)C(O)(c1ccc(Cl)cc1)N1CCN=C21,6.0,8.221848749616356,DAT
Fc1ccc(CCNCC2CCCN(CCOC(c3ccccc3)c3ccccc3)C2)cc1,87.0,7.060480747381382,DAT
CN(CCc1ccc(F)cc1)CC1CCCN(CCOC(c2ccccc2)c2ccccc2)C1,90.0,7.045757490560675,DAT
COc1cccc2c1C(O)(c1ccc(Cl)cc1)N1CCN=C21,10.3,7.987162775294828,DAT
Clc1ccc(C2c3ccccc3C3=NCCN32)cc1,23.0,7.638272163982407,DAT
OC1(c2ccc(Cl)cc2)c2ccc3ccccc3c2C2=NCCCN21,2.01,8.69680394257951,DAT
OC1(c2ccc3ccccc3c2)c2ccc3ccccc3c2C2=NCCN21,2.83,8.54821356447571,DAT
OC1(c2ccc(Cl)cc2)c2ccc3ccccc3c2C2=NCCN21,27.2,7.565431095965801,DAT
OC1(c2ccc(Cl)cc2)c2ccccc2C2=N[C@H]3CCCC[C@@H]3N21,152.0,6.818156412055227,DAT
OC1(c2ccc3ccccc3c2)c2ccccc2C2=NCCN21,45.0,7.346787486224656,DAT
Fc1ccc(C(OCCC2CCN(C/C=C/c3ccccc3)CC2)c2ccc(F)cc2)cc1,0.45,9.346787486224656,DAT
CN1C2CCC1C(C(=O)Oc1ccccc1)C(c1ccc(Cl)cc1)C2,5.25,8.279840696594043,DAT
CN(C)CCCC1(c2ccc(F)cc2)OCc2cc(C#N)ccc21,16540.0,4.781464494783473,DAT
CN(CCCc1ccccc1)CCCN(C)CCOC(c1ccccc1)c1ccccc1,122.0,6.913640169325252,DAT
COC(=O)C1C(c2ccc(/C=C\Br)cc2)CC2CCC1N2C,3.1,8.508638306165727,DAT
COC(=O)C1C2CCC(CC1c1ccc(/C=C\I)cc1)N2,3.5,8.455931955649724,DAT
O=C(Cc1ccccc1)NCCNCCOC(c1ccc(F)cc1)c1ccc(F)cc1,54.0,7.267606240177031,DAT
O=C(CCc1ccccc1)NCCNCCOC(c1ccc(F)cc1)c1ccc(F)cc1,51.0,7.292429823902063,DAT
COC(=O)C1C(c2ccc(/C=C\I)cc2)CC2CCC1N2C,22.0,7.657577319177793,DAT
CN(CCOC(c1ccc(F)cc1)c1ccc(F)cc1)CCN(C)CCOC(c1ccc(F)cc1)c1ccc(F)cc1,26.0,7.585026652029182,DAT
O=C(Cc1ccc(F)cc1)NCCNCCOC(c1ccc(F)cc1)c1ccc(F)cc1,54.0,7.267606240177031,DAT
COC(=O)C1C2CCC(CC1c1ccc(I)cc1)N2,0.69,9.161150909262744,DAT
COC(=O)C1C2CCC(CC1c1ccc(C=C(Br)Br)cc1)N2,5.6,8.2518119729938,DAT
C[C@H]1CC[C@H](C)N1CCCOc1ccc(-c2ccc(C(=O)N3CCOCC3)cc2)cc1,4897.79,5.309999839831226,DAT
COC(=O)C1C(c2ccc(C=C(Br)Br)cc2)CC2CCC1N2C,6.73,8.171984935776024,DAT
COC(=O)C1C2CCC(CC1c1ccc(/C=C\Br)cc1)N2,3.9,8.4089353929735,DAT
CN1C2CCC1C(C(=O)NCCCCCCNC(=O)C1C(c3ccc(Cl)cc3)CC3CCC1N3C)C(c1ccc(Cl)cc1)C2,18.4,7.735182176990463,DAT
CN1C2CCC1C(C(=O)NCCCCNC(=O)C1C(c3ccc(Cl)cc3)CC3CCC1N3C)C(c1ccc(Cl)cc1)C2,21.7,7.66354026615147,DAT
CN1C2CCC1C(C(=O)NCCCCCCCCNC(=O)C1C(c3ccc(Cl)cc3)CC3CCC1N3C)C(c1ccc(Cl)cc1)C2,6.7,8.173925197299173,DAT
CN1C2CCC1C(C(=O)NCCCNC(=O)C1C(c3ccc(Cl)cc3)CC3CCC1N3C)C(c1ccc(Cl)cc1)C2,65.1,7.186419011431808,DAT
COC(=O)C1C(c2ccc(Cl)cc2)CC2CCC1N2C,1.1,8.958607314841775,DAT
CNCC[C@H](Oc1cccc2c(O[C@@H]3O[C@H](C(=O)O)[C@@H](O)[C@H](O)[C@H]3O)c(OC)ccc12)c1cccs1,10000.0,5.0,DAT
COC(=O)[C@H]1C2CC[C@@H]3C[C@@H]1/C(=C/c1ccc(OC)cc1)CN23,3600.0,5.443697499232712,DAT
COC(=O)[C@H]1C2CC[C@@H]3C[C@@H]1/C(=C/c1ccc(Cl)c(Cl)c1)CN23,3320.0,5.478861916295964,DAT
COC(=O)[C@H]1C2CC[C@@H]3C[C@@H]1/C(=C/c1ccccc1)CN23,1570.0,5.804100347590767,DAT
COC(=O)C1C(c2cccc(-c3ccco3)c2)CC2CCC1N2C,54.0,7.267606240177031,DAT
COC(=O)C1C2CCC(CC1c1cccc(I)c1)N2,438.0,6.3585258894959,DAT
COC(=O)C1C(c2cccc(-c3ccccc3)c2)CC2CCC1N2C,8.83,8.054039296422431,DAT
COC(=O)C1C(c2cccc(-c3ccsc3)c2)CC2CCC1N2C,29.8,7.525783735923745,DAT
COC(=O)C1C(c2cccc(I)c2)CC2CCC1N2C,182.0,6.739928612014925,DAT
CC(C)OC(=O)C1C2CCC(C[C@@H]1c1ccc(Cl)cc1)CN2C,0.9,9.045757490560675,DAT
C[C@H](CF)OC(=O)C1C(c2ccc(Cl)cc2)CC2CCC1N2C,3.2,8.494850021680094,DAT
C[C@@H](CF)OC(=O)C1C(c2ccc(Cl)cc2)CC2CCC1N2C,0.67,9.173925197299173,DAT
COC(=O)C1C2CCC(C[C@@H]1c1ccc(I)cc1)CN2C,0.48,9.318758762624412,DAT
CN(C)C[C@H]1C2CCC(C2)[C@@H]1c1ccc2cc(F)ccc2c1,50.0,7.301029995663981,DAT
CNCC1C2CCC(C2)C1c1ccc2ccccc2c1,25.0,7.6020599913279625,DAT
CN(C)C[C@H]1C2CCC(C2)[C@@H]1c1ccc2cc(O)ccc2c1,6.0,8.221848749616356,DAT
CNC[C@H]1C2CCC(C2)[C@@H]1c1ccc2cc(F)ccc2c1,72.0,7.142667503568731,DAT
COc1ccc2cc([C@H]3C4CCC(C4)[C@@H]3CN(C)C)ccc2c1,64.0,7.1938200260161125,DAT
CN(C)C[C@H]1C2CCC(CC2)[C@@H]1c1cccc(Cl)c1,64.0,7.1938200260161125,DAT
CN(C)C[C@@H]1C2CCC(CC2)[C@@H]1c1ccc(Cl)c(Cl)c1,7.2,8.142667503568731,DAT
CN(C)C[C@@H]1C2CCC(C2)[C@H]1c1ccc2ccccc2c1,38.0,7.42021640338319,DAT
CN(C)CC1C2CCC(C2)C1c1cccc2ccccc12,430.0,6.366531544420413,DAT
CNC[C@H]1C2CCC(C2)[C@@H]1c1ccc2cc(OC)ccc2c1,60.0,7.221848749616356,DAT
CN(C)CC1C2CCC(C2)C1c1ccc2ccccc2c1,18.0,7.7447274948966935,DAT
CNC[C@H]1C2CCC(C2)[C@@H]1c1ccc2ccccc2c1,41.0,7.3872161432802645,DAT
CN(C)C[C@H]1C2CCC(C2)[C@@H]1c1ccc2ccccc2c1,25.0,7.6020599913279625,DAT
CN(C)Cc1ccccc1Sc1ccc(Br)cc1CO,10000.0,5.0,DAT
CN(C)Cc1ccccc1Sc1ccc(I)cc1CO,10000.0,5.0,DAT
CN1C2CCC1C(C(=O)OCCCF)C(c1ccc(Br)cc1)C2,5.0,8.301029995663981,DAT
O=C(OCCCF)C1C2CCC(CC1c1ccc(Br)cc1)N2,5.0,8.301029995663981,DAT
CN1C2CCC1C(C(=O)OCCF)C(c1ccc(Br)cc1)C2,5.0,8.301029995663981,DAT
O=C(OCCF)C1C2CCC(CC1c1ccc(Br)cc1)N2,5.0,8.301029995663981,DAT
O=C(OCCF)C1C2CCC(CC1c1ccc(I)cc1)N2,5.0,8.301029995663981,DAT
CN(C)Cc1ccccc1Oc1ccc(I)cc1CO,1000.0,6.0,DAT
CN(C)Cc1ccccc1Sc1ccc(I)cc1N,840.0,6.075720713938118,DAT
CN(C)Cc1ccccc1Oc1ccc(I)cc1N,309.0,6.510041520575165,DAT
Cc1ccc(Sc2ccccc2CN(C)C)c(N)c1,532.0,6.274088367704952,DAT
CN(C)Cc1ccccc1Sc1ccccc1N,279.0,6.554395796726403,DAT
C=Cc1ccc(Sc2ccccc2CN(C)C)c(N)c1,962.0,6.016824927962187,DAT
CCc1ccc(Sc2ccccc2CN(C)C)c(N)c1,2000.0,5.698970004336019,DAT
CN(C)Cc1ccccc1Sc1ccc(CO)cc1N,1000.0,6.0,DAT
CN(C)Cc1ccccc1Sc1ccc(CCO)cc1N,1000.0,6.0,DAT
CN(C)Cc1ccccc1Sc1ccc(CCF)cc1N,5000.0,5.301029995663981,DAT
CN(C)Cc1ccccc1Sc1ccc(CCCO)cc1N,5000.0,5.301029995663981,DAT
CN(C)Cc1ccccc1Sc1ccc(CCCF)cc1N,5000.0,5.301029995663981,DAT
CNC(=O)c1ccccc1Sc1ccccc1[N+](=O)[O-],969.0,6.013676222949234,DAT
CNC(=O)c1ccccc1Sc1ccc(C)cc1[N+](=O)[O-],698.0,6.156144577376839,DAT
CCc1ccc(Sc2ccccc2CNC)c(N)c1,1000.0,6.0,DAT
CNCc1ccccc1Sc1ccc(CO)cc1N,1000.0,6.0,DAT
Cc1cc(N)c(Sc2ccccc2CN(C)C)cc1F,10000.0,5.0,DAT
CN(C)Cc1ccccc1Sc1ccc(F)cc1N,10000.0,5.0,DAT
CN(C)Cc1ccccc1Sc1ccc(CF)cc1N,10000.0,5.0,DAT
Cc1ccc(Sc2ccccc2CN)c(N)c1,5296.0,5.276052023568356,DAT
CCNCc1ccccc1Sc1ccc(C)cc1N,2121.0,5.673459331483438,DAT
Cc1ccc(Sc2ccccc2CNCCF)c(N)c1,4426.0,5.353988590408761,DAT
CCCNCc1ccccc1Sc1ccc(C)cc1N,3549.0,5.449894000652407,DAT
Cc1ccc(Sc2ccccc2CNCCCF)c(N)c1,10000.0,5.0,DAT
C=CCNCc1ccccc1Sc1ccc(C)cc1N,2908.0,5.536405597812999,DAT
CN1C2CCC1CC(OC(c1ccc(F)cc1)c1ccc(F)cc1)C2,13.8,7.860120913598763,DAT
Fc1ccc(C(OC2CC3CCC(C2)N3CCOCc2cccs2)c2ccc(F)cc2)cc1,18.62,7.730020323354676,DAT
Fc1ccc(C(OC2CC3CCC(C2)N3CCOCc2ccccc2)c2ccc(F)cc2)cc1,22.39,7.64994590642097,DAT
Fc1ccc(C(OC2CC3CCC(C2)N3CCCOc2ccccc2)c2ccc(F)cc2)cc1,229.09,6.639993867770901,DAT
OCCOCCN1C2CCC1CC(OC(c1ccc(F)cc1)c1ccc(F)cc1)C2,48.98,7.309981219211305,DAT
Fc1ccc(C(OC2CC3CCC(C2)N3CCOCCN2CCOCC2)c2ccc(F)cc2)cc1,660.69,6.180002266489224,DAT
O=C(NCCN1C2CCC1CC(OC(c1ccc(F)cc1)c1ccc(F)cc1)C2)c1ccccc1,6.457,8.18996921359416,DAT
Fc1ccc(C(OC2CC3CCC(C2)N3CCNCc2ccccc2)c2ccc(F)cc2)cc1,8.128,8.090016305060155,DAT
O=C(NCCN1C2CCC1CC(OC(c1ccc(F)cc1)c1ccc(F)cc1)C2)c1cccnc1,14.13,7.849857838151442,DAT
CNCCC(Oc1ccc(C(F)(F)F)cc1)c1ccccc1,6000.0,5.221848749616356,DAT
CNCCC1Cc2ccccc2N(c2ccccc2)C1=O,200.0,6.698970004336019,DAT
CNCCCC1Cc2ccccc2N(c2ccccc2)C1=O,200.0,6.698970004336019,DAT
CNCCCCC1Cc2ccccc2N(c2ccccc2)C1=O,200.0,6.698970004336019,DAT
CNCCCC1Cc2ccccc2N(c2cccc(F)c2)C1=O,200.0,6.698970004336019,DAT
CNCCCC1Cc2ccccc2N(c2cccc(Cl)c2)C1=O,200.0,6.698970004336019,DAT
CNCCCC1(C)Cc2ccccc2N(c2ccccc2)C1=O,200.0,6.698970004336019,DAT
CNCCCC1(C)Cc2ccccc2N(c2cccc(C)c2)C1=O,200.0,6.698970004336019,DAT
CNCCCC1Cc2ccccc2N(c2ccc(F)cc2)C1=O,200.0,6.698970004336019,DAT
CNCCCC1Cc2ccccc2N(c2ccc(Cl)cc2)C1=O,200.0,6.698970004336019,DAT
CNCCCC1Cc2ccccc2N(c2ccc(C)cc2)C1=O,200.0,6.698970004336019,DAT
CCc1ccc(N2C(=O)C(CCCNC)Cc3ccccc32)cc1,200.0,6.698970004336019,DAT
CNCCCC1Cc2ccccc2N(c2ccc(C(F)(F)F)cc2)C1=O,200.0,6.698970004336019,DAT
CNCCCC1(C)Cc2ccccc2N(c2ccc(C)cc2)C1=O,200.0,6.698970004336019,DAT
CNCCCC1(C)Cc2ccccc2N(c2ccc(C(C)C)cc2)C1=O,200.0,6.698970004336019,DAT
CNCCCC1Cc2ccccc2N(c2ccc(Cl)c(Cl)c2)C1=O,13.0,7.886056647693163,DAT
CNCCCC1(C)Cc2ccccc2N(c2ccc(F)c(F)c2)C1=O,200.0,6.698970004336019,DAT
CNCCCC1(C)Cc2ccccc2N(c2cc(F)cc(F)c2)C1=O,200.0,6.698970004336019,DAT
CNCCCC1(C)Cc2ccccc2N(c2cc(Cl)cc(Cl)c2)C1=O,200.0,6.698970004336019,DAT
CCC1(CCCNC)Cc2ccccc2N(c2ccccc2)C1=O,200.0,6.698970004336019,DAT
CCCC1(CCCNC)Cc2ccccc2N(c2ccccc2)C1=O,200.0,6.698970004336019,DAT
CCC1(CCCNC)Cc2ccccc2N(c2ccc(C)cc2)C1=O,200.0,6.698970004336019,DAT
CCCC1(CCCNC)Cc2ccccc2N(c2ccc(C)cc2)C1=O,200.0,6.698970004336019,DAT
CNCCCC1(C(C)C)Cc2ccccc2N(c2ccc(C)cc2)C1=O,200.0,6.698970004336019,DAT
CCCCC1(CCCNC)Cc2ccccc2N(c2ccc(C)cc2)C1=O,200.0,6.698970004336019,DAT
CNCCCC1Cc2cc(F)ccc2N(c2ccc(C)cc2)C1=O,200.0,6.698970004336019,DAT
CNCCCC1Cc2cc(Cl)ccc2N(c2ccc(C)cc2)C1=O,200.0,6.698970004336019,DAT
CCC1(CCCNC)Cc2cc(Cl)ccc2N(c2ccc(C)cc2)C1=O,200.0,6.698970004336019,DAT
COC(=O)[C@@H]1C2CCC(C[C@@H]1c1ccc(Cl)c(Cl)c1)N2C,2.3,8.638272163982407,DAT
CCN(CC)c1ccc2c(-c3ccc(S(=O)(=O)NCCCCCC(=O)NCCOC(=O)[C@@H]4C5CCC(C[C@@H]4c4ccc(Cl)c(Cl)c4)N5C)cc3S(=O)(=O)[O-])c3ccc(=[N+](CC)CC)cc-3oc2c1,72.0,7.142667503568731,DAT
CCN(CC)c1ccc2c(-c3ccc(S(=O)(=O)NCCCCCC(=O)NCCN4C5CCC4[C@@H](C(=O)OC)[C@@H](c4ccc(Cl)c(Cl)c4)C5)cc3S(=O)(=O)[O-])c3ccc(=[N+](CC)CC)cc-3oc2c1,62.0,7.207608310501746,DAT
CCN(CC)c1ccc2c(-c3ccc(S(=O)(=O)NC[C@H]4CC[C@H](C(=O)NCCN5C6CCC5[C@@H](C(=O)OC)[C@@H](c5ccc(Cl)c(Cl)c5)C6)CC4)cc3S(=O)(=O)[O-])c3ccc(=[N+](CC)CC)cc-3oc2c1,436.0,6.360513510731414,DAT
COC(=O)[C@@H]1C2CCC(C[C@@H]1c1ccc(Cl)c(Cl)c1)N2CCNC(=O)CCCN1CCCc2cc3c(cc21)C(C)(C)C1=CC(=[N+](C)C)C=CC1=C3.[O-][Cl+3]([O-])([O-])[O-],250.0,6.6020599913279625,DAT
Cn1c(=O)cnn(CCCCN2CCN(c3cccc4ccc(O[11CH3])cc34)CC2)c1=O,407.4,6.389978975335855,DAT
CCCC(C(=O)c1ccc(C)cc1)N1CCCC1,21.4,7.669586226650809,DAT
CCCC(C(O)c1ccc(C)cc1)N1CCCC1,10000.0,5.0,DAT
CCCC(C(=O)c1ccc(Cl)c(Cl)c1)N1CCCCC1,144.0,6.84163750790475,DAT
CCCCNC(CCC)C(=O)c1ccc(Cl)c(Cl)c1,520.0,6.2839966563652006,DAT
C#CCC(C(=O)c1ccc(C)cc1)N1CCCC1,2310.0,5.636388020107855,DAT
C=CCC(C(=O)c1ccc(Cl)c(Cl)c1)N1CCCC1,39.9,7.399027104313252,DAT
C=CCC(C(=O)c1ccc(C)cc1)N1CCCC1,90.5,7.043351420794797,DAT
Cc1ccc(C(=O)C(CC(C)C)N2CCCC2)cc1,13.7,7.863279432843593,DAT
CCC(C(=O)c1ccc(Cl)c(Cl)c1)N1CCCC1,28.8,7.540607512240769,DAT
CCCC(CN1CCCC1)C(=O)c1ccc(Cl)c(Cl)c1,1530.0,5.815308569182401,DAT
CCCC(CN1CCCC1)C(=O)c1ccc(C)cc1,10000.0,5.0,DAT
CCC(CC(=O)c1ccc(Cl)c(Cl)c1)N1CCCC1,8440.0,5.073657553374344,DAT
CCC(CC(=O)c1ccc(C)cc1)N1CCCC1,10000.0,5.0,DAT
CCCC(C(=O)c1ccc(-c2cccn2C)cc1)N1CCCC1,3850.0,5.414539270491499,DAT
CCCC(C(=O)c1ccc(-c2cccs2)cc1)N1CCCC1,460.0,6.337242168318426,DAT
CCCC(C(=O)c1ccc(-c2ccco2)cc1)N1CCCC1,105.0,6.978810700930062,DAT
CCCC(C(=O)c1ccc(OC)c(OC)c1)N1CCCC1,10000.0,5.0,DAT
CCCC(C(=O)c1ccc(O)c(O)c1)N1CCCC1,84.0,7.075720713938118,DAT
CCCC(C(=O)c1ccc(Cl)c(Cl)c1)N1CCCC1,11.5,7.939302159646388,DAT
CCCC(C(=O)c1ccc2ccccc2c1)N1CCCC1,20.1,7.696803942579511,DAT
CCCC(C(=O)c1cccc(C)c1)N1CCCC1,51.0,7.292429823902063,DAT
CCCC(C(=O)c1ccccc1C)N1CCCC1,59.7,7.224025668870631,DAT
CC#Cc1ccc(C(=O)C(CCC)N2CCCC2)cc1,61.0,7.214670164989233,DAT
CCCC(C(=O)c1ccc(C(F)(F)F)cc1)N1CCCC1,10000.0,5.0,DAT
CCCC(C(=O)c1ccc(NC(C)=O)cc1)N1CCCC1,30.2,7.51999305704285,DAT
CCCC(C(=O)c1ccc(C(=O)OC)cc1)N1CCCC1,360.0,6.443697499232712,DAT
CCCC(C(=O)c1ccc(OC)cc1)N1CCCC1,329.0,6.482804102050025,DAT
CCCC(C(=O)c1ccc([N+](=O)[O-])cc1)N1CCCC1,266.0,6.575118363368933,DAT
CCCC(C(=O)c1ccc(O)cc1)N1CCCC1,125.0,6.903089986991944,DAT
CCCC(C(=O)c1ccc(CO)cc1)N1CCCC1,48.7,7.3124710387853655,DAT
CCCC(C(=O)c1ccc(C#N)cc1)N1CCCC1,5900.0,5.229147988357855,DAT
CCCC(C(=O)c1cccc(I)c1)N1CCCC1,109.0,6.962573502059376,DAT
CCCC(C(=O)c1ccc(I)cc1)N1CCCC1,81.4,7.089375595110798,DAT
CCCC(C(=O)c1ccc(Br)cc1)N1CCCC1,51.0,7.292429823902063,DAT
CCCC(C(=O)c1ccc(F)cc1)N1CCCC1,82.0,7.086186147616283,DAT
CCCC(C(=O)c1ccccc1)N1CCCC1,33.7,7.4723700991286615,DAT
Fc1ccc(C(OCCC2CCN(C[C@H]3C[C@@H]3c3ccccc3)CC2)c2ccc(F)cc2)cc1.O=C(O)C(=O)O,1.4,8.853871964321762,DAT
COc1cccc(N2CCN(CCCCn3ncc(=O)n(C)c3=O)CC2)c1,10000.0,5.0,DAT
C=C1CN2C3CCC2C1C(c1ccc(C)cc1)C3,40.99,7.387322081683498,DAT
COC(=O)/C=C1/CN2C3CCC2C1C(c1ccc(Cl)cc1)C3,4.54,8.342944147142896,DAT
COC(=O)/C=C1/CN2C3CCC2C1C(c1ccc(Br)cc1)C3,2.94,8.531652669587842,DAT
COC(=O)/C=C1/CN2C3CCC2C1C(c1ccc(C)cc1)C3,13.25,7.877784121727173,DAT
C=C1CN2C3CCC2C1C(c1ccc(I)cc1)C3,8.48,8.071604147743287,DAT
C=C1CN2C3CCC2C1C(c1ccc(Cl)cc1)C3,12.25,7.911863911299449,DAT
C=C1CN2C3CCC2C1C(c1ccc(Br)cc1)C3,41.92,7.37757872602433,DAT
COC(=O)[C@@H]1C2CCC(C[C@@H]1c1cccc(/C=C/I)c1)N2,29.9,7.52432881167557,DAT
COC(=O)[C@@H]1C2CCC(C[C@@H]1c1cccc(/C=C/Br)c1)N2,32.6,7.486782399932061,DAT
COC(=O)C(c1ccccc1)C1CCCCN1,110.0,6.958607314841775,DAT
CCCCCC(c1ccc(Cl)cc1)C1CCCCN1,23.0,7.638272163982407,DAT
CC(C)CC(c1ccc(Cl)cc1)C1CCCCN1,16.0,7.795880017344075,DAT
CCCCC(c1ccc(Cl)cc1)C1CCCCN1,7.8,8.10790539730952,DAT
CC(C)C(c1ccc(Cl)cc1)C1CCCCN1,46.0,7.337242168318426,DAT
CCCC(c1ccc(Cl)cc1)C1CCCCN1,11.0,7.958607314841775,DAT
CCC(c1ccc(Cl)cc1)C1CCCCN1,37.0,7.431798275933005,DAT
CC(c1ccc(Cl)cc1)C1CCCCN1,180.0,6.7447274948966935,DAT
COC(=O)C(c1ccc(Cl)cc1)C1CCCCN1,25.0,7.6020599913279625,DAT
CC(C)CC(c1cccc(Cl)c1)C1CCCCN1,3.7,8.431798275933005,DAT
Clc1ccc(C(C2CCCC2)C2CCCCN2)cc1,36.0,7.443697499232712,DAT
CCC(CC)C(c1ccc(Cl)cc1)C1CCCCN1,400.0,6.3979400086720375,DAT
Clc1ccc(C(CCCc2ccccc2)C2CCCCN2)cc1,440.0,6.356547323513812,DAT
Clc1ccc(C(CCc2ccccc2)C2CCCCN2)cc1,24.0,7.619788758288394,DAT
Clc1ccc(C(Cc2ccccc2)C2CCCCN2)cc1,440.0,6.356547323513812,DAT
Clc1ccc(C(CC2CCCCC2)C2CCCCN2)cc1,130.0,6.886056647693163,DAT
Clc1ccc(C(CC2CCCC2)C2CCCCN2)cc1,9.4,8.0268721464003,DAT
CC(C)(C)CC(c1ccc(Cl)cc1)C1CCCCN1,120.0,6.920818753952375,DAT
CC(C)CCC(c1ccc(Cl)cc1)C1CCCCN1,3.6,8.443697499232712,DAT
CC(=O)C(c1ccccc1)C1CCCCN1,370.0,6.431798275933005,DAT
CC(C)CC(c1ccc(C(C)C)cc1)C1CCCCN1,3300.0,5.481486060122112,DAT
COc1cccc(C(CC(C)C)C2CCCCN2)c1,22.0,7.657577319177793,DAT
COc1ccc(C(CC(C)C)C2CCCCN2)cc1,52.0,7.2839966563652006,DAT
CC(C)CC(c1ccc(Cl)c(Cl)c1)C1CCCCN1C,6.6,8.18045606445813,DAT
CC(C)CC(c1ccc(Cl)c(Cl)c1)C1CCCCN1,1.0,9.0,DAT
CCCCC(c1ccc(Cl)c(Cl)c1)C1CCCCN1,2.3,8.638272163982407,DAT
CCCC(c1ccc(Cl)c(Cl)c1)C1CCCCN1,0.97,9.013228265733755,DAT
COC(=O)C(c1ccc(Cl)c(Cl)c1)C1CCCCN1,1.4,8.853871964321762,DAT
O=C(OCCF)C1C2CCC(CC1c1ccc(/C=C\I)cc1)N2,13.0,7.886056647693163,DAT
COC(=O)C1=C(c2ccc([N+](=O)[O-])cc2)CCC1,6540.0,5.184422251675732,DAT
COC(=O)C1=C(c2cccc(N)c2)CCC1,875000.0,3.057991946977687,DAT
COC(=O)C1=C(c2ccc(C(C)=O)cc2)CCC1,335000.0,3.4749551929631544,DAT
COC(=O)C1=C(c2ccc(OC(F)(F)F)cc2)CCC1,2649000.0,2.5769180417027693,DAT
COC(=O)C1=C(c2ccc(C(C)(C)C)cc2)CCC1,302000.0,3.519993057042849,DAT
COC(=O)C1=C(c2ccc(OC)cc2)CCC1,140000.0,3.853871964321762,DAT
COC(=O)C1=C(c2cccc(Cl)c2)CCC1,34000.0,4.468521082957745,DAT
COC(=O)C1=C(c2ccc(Cl)cc2)CCC1,18000.0,4.7447274948966935,DAT
COC(=O)C1=C(c2ccc(Cl)c(Cl)c2)CCC1,1900.0,5.721246399047171,DAT
COC(=O)C1=C(c2ccccc2)C2CCC1C2,645654.23,3.1899999993506682,DAT
COC(=O)C1=C(c2cccc(Cl)c2)C2CCC1N2,33884.42,4.469999943783888,DAT
COC(=O)C1=C(c2cccc(Cl)c2)C2CCC1C2,104712.85,3.9800000199290153,DAT
COC(=O)C1=C(c2ccc3ccccc3c2)C2CCC1N2,1737.8,5.760000207113128,DAT
COC(=O)C1=C(c2ccc3ccccc3c2)C2CCC1C2,4265.8,5.369999510099088,DAT
COC(=O)C1=C(c2ccc(Cl)cc2)C2CCC1O2,18197.01,4.739999966255497,DAT
COC(=O)C1=C(c2ccc(Cl)c(Cl)c2)C2CCC1N2,1096.48,5.95999928552668,DAT
COC(=O)C1=C(c2ccc(Cl)cc2)C2CCC1N2,26915.35,4.569999968362492,DAT
COC(=O)C1=C(c2ccc(-c3ccccc3)cc2)C2CCC1N2,24547.09,4.609999985082743,DAT
COC(=O)C1=C(c2ccccc2)C2CCC1N2,446683.59,3.3500000020913046,DAT
COC(=O)C1=C(c2ccc(Cl)cc2Cl)C2CCC1C2,22908.68,4.639999934172963,DAT
COC(=O)C1=C(c2cccc(Cl)c2Cl)C2CCC1C2,14791.08,4.830000113973616,DAT
COC(=O)C1=C(c2ccccc2Cl)C2CCC1C2,371535.23,3.429999998944668,DAT
COC(=O)C1=C(c2ccc(Cl)c(Cl)c2)C2CCC1C2,6760.83,5.169999984192582,DAT
COC(=O)C1=C(c2ccc(Cl)cc2)C2CCC1C2,25118.86,4.600000074606178,DAT
COC(=O)C1=C(c2ccc(-c3ccccc3)cc2)C2CCC1C2,602559.59,3.2199999971705955,DAT
COC(=O)C1=C(c2cc(C)c(C)cc2C)C2CCC1C2,32200.0,4.492144128304169,DAT
COC(=O)C1=C(c2cccc([N+](=O)[O-])c2)C2CCC1N2,232000.0,3.6345120151091006,DAT
COC(=O)C1=C(c2ccc([N+](=O)[O-])cc2)C2CCC1N2,67900.0,4.168130225719499,DAT
COC(=O)C1=C(c2ccc(C)c(F)c2)C2CCC1C2,56000.0,4.251811972993799,DAT
CNCc1cc(C#CCCN2CCOCC2)ccc1Oc1ccc(SC)c(C)c1,1000.0,6.0,DAT
CNCc1cc(C#CCCN2CCOCC2)ccc1Oc1ccc(SC)cc1,700.0,6.154901959985743,DAT
CN(C)Cc1cc(OCCF)ccc1Sc1ccccc1N,340.0,6.468521082957745,DAT
CN(C)Cc1cc(O)ccc1Sc1ccccc1N,659.0,6.18111458540599,DAT
COc1ccc(Sc2ccccc2N)c(CN(C)C)c1,576.0,6.239577516576788,DAT
CN(C)Cc1cc(OCCCO)ccc1Sc1ccccc1N,443.0,6.3535962737769305,DAT
CN(C)Cc1cc(OCCO)ccc1Sc1ccccc1N,351.0,6.454692883534176,DAT
CN(C)Cc1cc(OCCCF)ccc1Sc1ccccc1N,299.0,6.52432881167557,DAT
CN(C)Cc1cc(OCCF)ccc1Sc1ccc(Cl)cc1N,847.0,6.072116589669293,DAT
CN(C)Cc1cc(OCCF)ccc1Sc1ccc(F)cc1N,1000.0,6.0,DAT
CN(C)Cc1cc(OCCCO)ccc1Sc1ccc(Br)cc1N,1000.0,6.0,DAT
CN(C)Cc1cc(OCCO)ccc1Sc1ccc(F)cc1N,1000.0,6.0,DAT
CN(C)Cc1cc(OCCCF)ccc1Sc1ccc(Br)cc1N,1000.0,6.0,DAT
CN(C)Cc1cc(OCCCF)ccc1Sc1ccc(F)cc1N,1000.0,6.0,DAT
CN(C)Cc1cc(OCCF)ccc1Sc1ccc(Br)cc1N,1000.0,6.0,DAT
CSc1ccc(C2CN(C)Cc3cc(OCCCN4CCC(F)CC4)ccc32)cc1,46.0,7.337242168318426,DAT
COc1ccc([C@@H]2CN(C)Cc3cc(OCCCN4CCOC[C@@H]4C)ccc32)cc1,102.0,6.991399828238082,DAT
CSc1ccc(C2CN(C)Cc3cc(OCCCN4CCOCC4)ccc32)cc1,29.0,7.537602002101044,DAT
c1cncc([C@@H]2CN3CCC[C@@H]3c3cc(OCCCN4CCCCC4)ccc32)c1,107.0,6.97061622231479,DAT
O=C(OCC(F)(F)F)C1=C(c2ccc(Cl)c(Cl)c2)CCC1,3400.0,5.468521082957745,DAT
O=C(OCCF)C1=C(c2ccc(Cl)c(Cl)c2)CCC1,500.0,6.301029995663981,DAT
O=C(OCCO)C1=C(c2ccc(Cl)c(Cl)c2)CCC1,300.0,6.522878745280337,DAT
CC(C)OC(=O)C1=C(c2ccc(Cl)c(Cl)c2)CCC1,2600.0,5.585026652029182,DAT
O=C(NCc1ccco1)C1=C(c2ccc(Cl)c(Cl)c2)CCC1,30.0,7.522878745280337,DAT
CONC(=O)C1=C(c2ccc(Cl)c(Cl)c2)CCC1,830.0,6.080921907623926,DAT
CON(C)C(=O)C1=C(c2ccc(Cl)c(Cl)c2)CCC1,6400.0,5.1938200260161125,DAT
O=C(NCCF)C1=C(c2ccc(Cl)c(Cl)c2)CCC1,70.0,7.154901959985743,DAT
CCN(CC)C(=O)C1=C(c2ccc(Cl)c(Cl)c2)CCC1,94000.0,4.026872146400302,DAT
O=C(C1=C(c2ccc(Cl)c(Cl)c2)CCC1)N1CCCC1,58000.0,4.236572006437063,DAT
CN(C)Cc1cc(F)ccc1Sc1ccc(CO)cc1N,2000.0,5.698970004336019,DAT
CN(C)Cc1cc(I)ccc1Sc1ccc(CO)cc1N,2000.0,5.698970004336019,DAT
CN(C)Cc1cc(Br)ccc1Sc1ccc(CO)cc1N,221.0,6.655607726314889,DAT
COC(=O)c1ccccc1S[C@@H](c1ccccc1)[C@@H]1CNCCO1,30000.0,4.522878745280337,DAT
FCCCOc1ccccc1S[C@@H](c1ccccc1)[C@@H]1CNCCO1,9000.0,5.045757490560675,DAT
FCCOc1ccccc1S[C@@H](c1ccccc1)[C@@H]1CNCCO1,10000.0,5.0,DAT
COc1ccccc1S[C@@H](c1ccccc1)[C@@H]1CNCCO1,4000.0,5.3979400086720375,DAT
CNCc1cc(C(=O)N2CCN(C(C)C)CC2)ccc1Oc1ccc(SC)cc1,7300.0,5.136677139879544,DAT
CNCc1cc(C(=O)N2CCCN(C3CC3)CC2)ccc1Oc1ccc(C(F)(F)F)cc1,9000.0,5.045757490560675,DAT
CNCc1cc(C(=O)N2CCCN(C3CC3)CC2)ccc1Oc1cccc(F)c1,8000.0,5.096910013008056,DAT
CNCc1cc(C(=O)N2CCCN(C3CC3)CC2)ccc1Oc1ccccc1,7300.0,5.136677139879544,DAT
CNCc1cc(C(=O)N2CCCN(C3CC3)CC2)ccc1Oc1cccc(Cl)c1,2500.0,5.6020599913279625,DAT
CNCc1cc(C(=O)N2CCCN(C3CC3)CC2)ccc1Oc1ccc(Cl)cc1,770.0,6.113509274827518,DAT
CNCc1cc(C(=O)N2CCCN(C3CC3)CC2)ccc1Oc1ccc(Cl)c(Cl)c1,330.0,6.481486060122112,DAT
CNCc1cc(C(=O)N2CCCN(C3CC3)CC2)ccc1Oc1ccc(SC)c(C)c1,7700.0,5.113509274827518,DAT
CNCc1cc(C(=O)N2CCN(C(C)C)CC2)ccc1Oc1cccc(OC)c1,7000.0,5.154901959985743,DAT
CNCc1cc(C(=O)N2CCN(C(C)C)CC2)ccc1Oc1ccc(Cl)c(Cl)c1,330.0,6.481486060122112,DAT
CNCc1cc(C(=O)N2CCN(C(C)C)CC2)ccc1Oc1ccc(SC)c(C)c1,4000.0,5.3979400086720375,DAT
CCCc1ccccc1Oc1cc(C)ncc1CN(C)C,2250.0,5.647817481888637,DAT
CCCc1ccccc1Oc1cc(C)ncc1CNC,1980.0,5.703334809738469,DAT
Cc1cc(Oc2ccccc2C(C)C)c(CN(C)C)cn1,2880.0,5.5406075122407685,DAT
CNCc1cnc(C)cc1Oc1ccccc1C(C)C,2130.0,5.671620396561263,DAT
Cc1cc(Oc2ccccc2Cl)c(CN(C)C)cn1,1160.0,5.935542010773082,DAT
CNCc1cnc(C)cc1Oc1ccccc1Cl,834.0,6.078833949362261,DAT
CSc1ccccc1Oc1cc(C)ncc1CN(C)C,1930.0,5.714442690992226,DAT
CNCc1cnc(C)cc1Oc1ccccc1SC,1750.0,5.756961951313706,DAT
Cc1cc(Oc2ccccc2C)c(CN(C)C)cn1,1410.0,5.85078088734462,DAT
CNCc1cnc(C)cc1Oc1ccccc1C,1520.0,5.818156412055227,DAT
CCOc1ccccc1Oc1cc(C)ncc1CN(C)C,2150.0,5.667561540084394,DAT
CCOc1ccccc1Oc1cc(C)ncc1CNC,2390.0,5.621602099051863,DAT
COc1ccccc1Oc1cc(C)ncc1CN(C)C,4060.0,5.391473966422806,DAT
CNCc1cnc(C)cc1Oc1ccccc1OC,4800.0,5.318758762624412,DAT
CCc1ccccc1Oc1cc(C)ncc1CN(C)C,2660.0,5.575118363368933,DAT
CCc1ccccc1Oc1cc(C)ncc1CNC,2280.0,5.642065152999546,DAT
CCc1cc(Cl)ccc1Oc1cc(C)ncc1CNC,4350.0,5.361510743045363,DAT
COc1cc(Cl)ccc1OC(c1ccccc1)C1CNCCO1,2200.0,5.657577319177793,DAT
CCOc1cc(Cl)ccc1OC(c1ccccc1)C1CNCCO1,1670.0,5.777283528852417,DAT
CCOc1c(Cl)cccc1OC(c1ccccc1)C1CNCCO1,10000.0,5.0,DAT
CC(O)(Cc1ccccc1)CN1CCN(CCOC(c2ccccc2)c2ccccc2)CC1,150.0,6.823908740944319,DAT
CC(O)(Cc1ccccc1)CN1CCN(CCOC(c2ccc(F)cc2)c2ccc(F)cc2)CC1,57.0,7.2441251443275085,DAT
O=C(Cc1ccccc1)CN1CCN(CCOC(c2ccccc2)c2ccccc2)CC1,10.0,8.0,DAT
O=C(Cc1ccccc1)CN1CCN(CCOC(c2ccc(F)cc2)c2ccc(F)cc2)CC1,6.5,8.187086643357144,DAT
CC(O)(CCN1CCN(CCOC(c2ccccc2)c2ccccc2)CC1)c1ccccc1,7.0,8.154901959985743,DAT
CC(O)(CCN1CCN(CCOC(c2ccc(F)cc2)c2ccc(F)cc2)CC1)c1ccccc1,4.0,8.397940008672037,DAT
O=C(CCN1CCN(CCOC(c2ccccc2)c2ccccc2)CC1)c1ccccc1,210.0,6.6777807052660805,DAT
O=C(CCN1CCN(CCOC(c2ccc(F)cc2)c2ccc(F)cc2)CC1)c1ccccc1,48.0,7.318758762624412,DAT
CC(Cc1ccccc1)CN1CCN(CCOC(c2ccc(F)cc2)c2ccc(F)cc2)CC1,17.0,7.769551078621726,DAT
Cc1ccccc1S[C@@H](c1ccccc1)[C@@H]1CNCCO1,275.0,6.560667306169737,DAT
CNCc1ccccc1Sc1ccc(C)cc1NC(=O)c1ccc(F)cc1,1000.0,6.0,DAT
Cc1ccc(Sc2ccccc2CN(C)C)c(NC(=O)c2ccc(F)cc2)c1,1000.0,6.0,DAT
Cc1ccc(Sc2ccccc2CN(C)C)c(NC(=O)c2ccc([N+](=O)[O-])cc2)c1,1000.0,6.0,DAT
NCC[C@H](Oc1ccc(C(F)(F)F)cc1)c1ccccc1,4544.0,5.342561677297038,DAT
NCC[C@@H](Oc1ccc(C(F)(F)F)cc1)c1ccccc1,3661.0,5.436400271118469,DAT
COc1ccc(C2=NNC(=O)C3CC=CCC23)cc1OC,100000.0,4.0,DAT
COc1ccc(C2=NN(CCCCCBr)C(=O)C3CC=CCC23)cc1OC,100000.0,4.0,DAT
COc1ccc(C2=NN(CCCCCNCC[C@H](Oc3ccc(C(F)(F)F)cc3)c3ccccc3)C(=O)C3CC=CCC23)cc1OC,2716.0,5.566070234391535,DAT
COc1ccc(C2=NN(CCCCCNCC[C@@H](Oc3ccc(C(F)(F)F)cc3)c3ccccc3)C(=O)C3CC=CCC23)cc1OC,4492.0,5.347560252410579,DAT
Cl.NCC1CC1c1ccccc1Br,10000.0,5.0,DAT
CNCCC(c1ccccc1)c1c[nH]c2ccccc12,1400.0,5.853871964321762,DAT
CCCCC1(c2ccc3[nH]ccc3c2)CCNC1,60.0,7.221848749616356,DAT
CCCC1(c2ccc3[nH]ccc3c2)CCNC1,363.0,6.440093374963888,DAT
CC1(c2ccc3[nH]ccc3c2)CCNC1,550.0,6.259637310505756,DAT
N#Cc1c[nH]c2ccc(C3(Cc4ccccc4)CCNC3)cc12,724.0,6.140261433802853,DAT
CN(C)C(=O)c1cc2cc(C3(Cc4ccccc4)CCNC3)ccc2[nH]1,104.0,6.982966660701219,DAT
CNC(=O)c1cc2cc(C3(Cc4ccccc4)CCNC3)ccc2[nH]1,331.0,6.480172006224281,DAT
NC(=O)c1cc2cc(C3(Cc4ccccc4)CCNC3)ccc2[nH]1,18.0,7.7447274948966935,DAT
N#Cc1cc2cc(C3(Cc4ccccc4)CCNC3)ccc2[nH]1,83.0,7.080921907623926,DAT
CCOC(=O)c1cc2cc(C3(Cc4ccccc4)CCNC3)ccc2[nH]1,38.0,7.42021640338319,DAT
Cn1ccc2cc(C3(Cc4ccccc4)CCNC3)ccc21,10.0,8.0,DAT
c1ccc(CCC2(c3ccc4[nH]ccc4c3)CCNC2)cc1,58.0,7.236572006437063,DAT
COc1cccc(CC2(c3ccc4[nH]ccc4c3)CCNC2)c1,39.0,7.4089353929735005,DAT
Fc1ccc(CC2(c3ccc4[nH]ccc4c3)CCNC2)cc1,79.0,7.102372908709558,DAT
c1ccc(CC2(c3ccc4[nH]ccc4c3)CCNC2)nc1,62.0,7.207608310501746,DAT
c1ccc(CC2(c3c[nH]c4ccccc34)CCNC2)cc1,1260.0,5.899629454882437,DAT
c1ccc(CC2(c3ccc4cc[nH]c4c3)CCNC2)cc1,447.0,6.349692476868063,DAT
c1ccc(CC2(c3cnc4[nH]ccc4c3)CCNC2)cc1,741.0,6.130181792020672,DAT
c1ccc(CC2(c3ccc4sccc4c3)CCNC2)cc1,16.0,7.795880017344075,DAT
c1ccc(CC2(c3ccc4[nH]ncc4c3)CCNC2)cc1,115.0,6.939302159646388,DAT
c1ccc(CC2(c3ccc4[nH]ccc4c3)CCNC2)cc1,81.0,7.0915149811213505,DAT
COc1c(OCCF)cccc1C(O)C1CCN(CCc2ccc(F)cc2)CC1,10000.0,5.0,DAT
COc1c(OCCF)cccc1C(O)C1CCN(CCc2ccc(C)cc2)CC1,10000.0,5.0,DAT
CN1Cc2c(N)cccc2C(c2ccccc2)C1,23.5,7.628932137728263,DAT
CN1CCN(CC(c2cccc(Cl)c2)C2(O)CCCCC2)CC1.Cl.Cl,53.0,7.275724130399211,DAT
Cl.Cl.OC1(C(CN2CCNCC2)c2cccc(Cl)c2)CCCCC1,45.0,7.346787486224656,DAT
CSc1ccccc1CN([C@H]1CCNC1)S(C)(=O)=O,2950.0,5.530177984021837,DAT
CS(=O)(=O)N(Cc1ccccc1C(F)(F)F)[C@H]1CCNC1,2890.0,5.539102157243452,DAT
CCOC(=O)N(Cc1ccccc1C(F)(F)F)[C@H]1CCNC1,3210.0,5.493494967595128,DAT
CCOC(=O)N(Cc1ccccc1C(C)C)[C@H]1CCNC1,3340.0,5.476253533188435,DAT
CSc1ccccc1CN(C(=O)C(C)C)[C@H]1CCNC1,1380.0,5.860120913598763,DAT
CC(C)C(=O)N(Cc1ccccc1C(C)C)[C@H]1CCNC1,3410.0,5.467245621007502,DAT
N#Cc1ccc2[nH]cc([C@H]3CC[C@H](N4CCc5cc(OCCCF)ccc5C4)CC3)c2c1,343.0,6.464705879957229,DAT
COc1ccc2c(c1)CCN([C@H]1CC[C@H](c3c[nH]c4ccc(C#N)cc43)CC1)C2,462.0,6.335358024443874,DAT
N#Cc1ccc2[nH]cc([C@H]3CC[C@H](N4CCc5ccccc5C4)CC3)c2c1,309.0,6.510041520575165,DAT
O=C(OCCF)C1C2CCC(CC1c1cccc(/C=C\I)c1)N2,87.6,7.057495893831919,DAT
O=C(OCCF)C1C2CCC(CC1c1cccc(/C=C\Br)c1)N2,35.5,7.449771646944906,DAT
O=C(OCCCF)C1C2CCC(CC1c1cccc(/C=C\I)c1)N2,179.7,6.745451922891027,DAT
O=C(OCCCF)C1C2CCC(CC1c1cccc(/C=C\Br)c1)N2,118.7,6.925549281045409,DAT
O=C(OCCF)C1C2CCC(CC1c1cccc(/C=C/I)c1)N2,274.0,6.562249437179612,DAT
O=C(OCC[18F])C1C2CCC(CC1c1ccc(/C=C\I)cc1)N2,13.0,7.886056647693163,DAT
COc1ccc(F)cc1CCC1CCC(CCN)O1,6500.0,5.187086643357144,DAT
COc1ccc(F)cc1CCCC1CCC(CCN)O1,7307.0,5.136260892654783,DAT
COc1ccc(F)cc1CCC1CCC(CCNCCCCCN2N=C(c3ccc(OC)c(OC)c3)[C@H]3CC=CC[C@H]3C2=O)O1,2478.0,5.605898697959955,DAT
COc1ccc(F)c(CCCC2CCC(CCNCCCCCN3N=C(c4ccc(OC)c(OC)c4)[C@H]4CC=CC[C@H]4C3=O)O2)c1,5340.0,5.272458742971444,DAT
CNCCC1CCC(CCc2cc(F)ccc2OC)O1,66988.0,4.174002988352055,DAT
NCC1CCC(c2ccccc2)O1,916.0,6.03810452633215,DAT
NCC1CCC(c2ccc(Cl)cc2)O1,6830.0,5.165579296318468,DAT
NCC1CCC(c2ccc(Br)cc2)O1,6117.0,5.213461519502197,DAT
COc1ccc(C2CCC(CN)O2)cc1,10000.0,5.0,DAT
CC(C)(C)c1ccc(C2CCC(CN)O2)cc1,10000.0,5.0,DAT
NCC1CCC(c2ccc3ccccc3c2)O1,512.0,6.290730039024169,DAT
NCC1CCC(c2cccc3ccccc23)O1,8519.0,5.069611381755678,DAT
NCC1CCC(CCc2ccccc2)O1,1505.0,5.822463500070137,DAT
NCC1CCC(CCc2cccc3ccccc23)O1,10000.0,5.0,DAT
NCC1CCC(CCc2c(F)c(F)c(F)c(F)c2F)O1,10000.0,5.0,DAT
NCC1CCC(CCc2cccnc2)O1,10000.0,5.0,DAT
NCCC1CCC(Cc2ccccc2)O1,10000.0,5.0,DAT
Cc1cc(CCC2CCC(CCN)O2)ccc1F,6376.0,5.195451691611944,DAT
NCCC1CCC(CCc2ccc(O)cc2)O1,5498.0,5.259795264492551,DAT
NCCC1CCC(c2ccco2)O1,10000.0,5.0,DAT
COc1ccc(F)cc1C1CCC(CN)O1,42760.0,4.36896230346326,DAT
COc1ccc(F)cc1C[C@@H]1CC[C@H](CN)O1,97180.0,4.012423105273013,DAT
COc1ccc(F)cc1C[C@@H]1CC[C@H](CCN)O1,34790.0,4.458545571252411,DAT
COc1ccc(F)cc1CCC[C@H]1CC[C@H](CN)O1,7328.0,5.135014539340206,DAT
COc1ccc(F)cc1CCC[C@@H]1CC[C@H](CN)O1,4576.0,5.339513984215032,DAT
COc1ccc(F)cc1CCCCC1CCC(CCN)O1,3387.0,5.4701848033553695,DAT
COc1ccc(CCC2CCC(CCN)O2)c2ccccc12,10000.0,5.0,DAT
COc1ccc2ccccc2c1CCC1CCC(CCN)O1,10000.0,5.0,DAT
Cc1nc(C#Cc2cc(F)cc(-c3cccnc3)c2)cs1,6000.0,5.221848749616356,DAT
CC(NC(C)(C)C)C(=O)c1cccc(Cl)c1,441.0,6.355561410532161,DAT
CCCC(C(=O)c1ccc(N)c(I)c1)N1CCCC1,28.0,7.552841968657781,DAT
CCCC(C(=O)c1ccc(N)cc1)N1CCCC1,5.0,8.301029995663981,DAT
CCCC(C(=O)c1ccc(N=[N+]=[N-])c(I)c1)N1CCCC1,78.0,7.107905397309519,DAT
Cc1ccccc1C(=O)N(CC1CCC1)[C@H]1CCNC1,2340.0,5.630784142589857,DAT
CSc1ccccc1C(=O)N(CC1CCC1)[C@H]1CCNC1,3040.0,5.517126416391246,DAT
CCOc1ccccc1C(=O)N(CC1CCC1)[C@H]1CCNC1,2650.0,5.576754126063192,DAT
O=C(c1ccccc1Cl)N(CC1CCC1)[C@H]1CCNC1,1360.0,5.866461091629782,DAT
O=C(c1ccccc1C(F)(F)F)N(CC1CCC1)[C@H]1CCNC1,2290.0,5.6401645176601125,DAT
CCc1ccccc1C(=O)N(CC1CCC1)[C@H]1CCNC1,2680.0,5.571865205971211,DAT
CCSc1ccccc1C(=O)N(CC1CCC1)[C@H]1CCNC1,3670.0,5.435333935747911,DAT
CC(C)c1ccccc1C(=O)N(CC1CCC1)[C@H]1CCNC1,2040.0,5.690369832574101,DAT
O=C(c1ccccc1C1CCCC1)N(CC1CCC1)[C@H]1CCNC1,3720.0,5.429457060118103,DAT
CSc1ccccc1C(=O)N(c1ccccc1)[C@H]1CCNC1,3440.0,5.46344155742847,DAT
O=C(c1ccccc1C(F)(F)F)N(c1ccccc1)[C@H]1CCNC1,3130.0,5.504455662453552,DAT
O=C(c1ccccc1Oc1ccccc1)N(CC1CCC1)[C@@H]1CCNC1,4100.0,5.3872161432802645,DAT
O=C(C1CCC1)N(Cc1ccccc1C(F)(F)F)[C@H]1CCNC1,10000.0,5.0,DAT
CC(c1ccccc1)N(c1ccc2[nH]ccc2c1)C1CCNCC1,1584.89,5.800000874803203,DAT
c1ccc(CN(c2ccc3sccc3c2)C2CCNCC2)cc1,199.53,6.699991797446187,DAT
c1ccc(CN(c2ccc3[nH]ccc3c2)C2CCNC2)cc1,31.62,7.50003813440381,DAT
c1ccc(CN(c2ccc3[nH]ccc3c2)C2CCCNC2)cc1,39.81,7.400007822415902,DAT
CNCCN(c1ccccc1)c1ccc2[nH]ccc2c1,501.19,6.299997602857746,DAT
CNCCC(c1ccccc1)c1ccc2[nH]ccc2c1,199.53,6.699991797446187,DAT
O=C1C(Cc2ccccc2N2CCNCC2)SCCN1c1ccc(Cl)c(Cl)c1,87.0,7.060480747381382,DAT
Fc1ccc(Oc2ccccc2N2CCNCC2)cc1,4420.0,5.354577730650908,DAT
c1ccc(Oc2ccccc2N2CCNCC2)cc1,4730.0,5.325138859262188,DAT
Fc1cccc(Oc2ccccc2N2CCNCC2)c1,7000.0,5.154901959985743,DAT
CCN(CC)C(C)C(=O)c1cccc(Cl)c1,2214.0,5.6548223834572955,DAT
CC(NC1CCCC1)C(=O)c1cccc(Cl)c1,2200.0,5.657577319177793,DAT
CC(NC(C)(C)C)C(=O)c1ccc(Cl)cc1,2195.0,5.6585654754218595,DAT
CC(NC(C)(C)C)C(=O)c1ccc(Br)cc1,1918.0,5.717151397165355,DAT
Cc1cc(C(=O)C(C)NC(C)(C)C)ccc1Br,1740.0,5.7594507517174005,DAT
CC(C)(C)NC(CCC1CCCCC1)C(=O)c1cccc(Cl)c1,1700.0,5.769551078621726,DAT
CC(NC1CC1)C(=O)c1cccc(Cl)c1,1150.0,5.939302159646388,DAT
Cc1ccc(C(=O)C(C)NC(C)(C)C)cc1Cl,1150.0,5.939302159646388,DAT
CC(C(=O)c1cccc(Cl)c1)N1CCCCC1,1148.0,5.940058111938045,DAT
CCCCCC(NC(C)(C)C)C(=O)c1cccc(Cl)c1,709.0,6.149353764816933,DAT
CCCCCCC(NC(C)(C)C)C(=O)c1cccc(Cl)c1,510.0,6.292429823902063,DAT
CC(NC(C)(C)C)C(=O)c1ccc(Cl)c(Cl)c1,472.0,6.326058001365912,DAT
CCC(NC(C)(C)C)C(=O)c1cccc(Cl)c1,459.0,6.338187314462739,DAT
CCCCC(NC(C)(C)C)C(=O)c1cccc(Cl)c1,350.0,6.455931955649724,DAT
CCC(NC(C)(C)C)C(=O)c1ccc(Cl)c(Cl)c1,278.0,6.555955204081924,DAT
CC(C)CC(NC(C)(C)C)C(=O)c1cccc(Cl)c1,140.0,6.853871964321762,DAT
CCCC(NC(C)(C)C)C(=O)c1cccc(Cl)c1,96.0,7.017728766960431,DAT
CCCC(NC(C)(C)C)C(=O)c1ccc(Cl)c(Cl)c1,43.7,7.359518563029578,DAT
CC(NC1CCC1)C(=O)c1cccc(Cl)c1,343.0,6.464705879957229,DAT
CC(NC(C)(C)C)C(O)c1ccccc1,10000.0,5.0,DAT
CC(C)(C)NC1CCc2ccc(Cl)cc2C1=O,10000.0,5.0,DAT
CC1C(=O)c2cc(Cl)ccc2CN1C(C)(C)C,10000.0,5.0,DAT
CC(CNC(C)(C)C)C(=O)c1cccc(Cl)c1,10000.0,5.0,DAT
CC(NC(C)(C)C)C(=O)c1cccs1,10000.0,5.0,DAT
CCCNC(C)C(=O)c1cccc(Cl)c1,10000.0,5.0,DAT
CC(NC(C)(C)C)C(=O)c1cc(Cl)cc(Cl)c1,10000.0,5.0,DAT
CC(NC(C)(C)C)C(=O)c1ccc(F)c(F)c1,10000.0,5.0,DAT
Cc1ccc(C(=O)C(C)NC(C)(C)C)cc1,10000.0,5.0,DAT
Cc1cccc(C(=O)C(C)NC(C)(C)C)c1,10000.0,5.0,DAT
CC(C(=O)c1cccc(Cl)c1)N(C)C(C)(C)C,6400.0,5.1938200260161125,DAT
CC(NC(C)(C)C)C(=O)c1ccccc1,5730.0,5.24184537803261,DAT
CC(NC(C)(C)C)C(=O)c1cc(F)cc(F)c1,5660.0,5.247183568811728,DAT
CC(NC(C)(C)C)C(=O)c1cccc(F)c1,4510.0,5.345823458122039,DAT
CC(NC(C)(C)C)C(=O)c1cccc(Br)c1,4200.0,5.376750709602099,DAT
CC(C(=O)c1cccc(Cl)c1)N(C)C,4133.0,5.383734594718292,DAT
CC(C)NC(C)C(=O)c1cccc(Cl)c1,3980.0,5.400116927926312,DAT
CN1C2CCC1[C@@H](C(=O)OCc1cn(CCCCCCOC(=O)[C@H]3C4CCC(C[C@@H]3c3ccc(Cl)cc3)N4C)nn1)[C@@H](c1ccc(Cl)cc1)C2,1.0,9.0,DAT
COC(=O)[C@@H]1C2CCC(C[C@@H]1c1ccc(-c3ccsc3)cc1)N2C,2.5,8.602059991327963,DAT
COC(=O)[C@@H]1C2CCC(C[C@@H]1c1ccc(Cl)cc1)N2C,2.7,8.568636235841012,DAT
COC(=O)[C@@H]1C2CCC(C[C@@H]1c1ccc(I)cc1)N2C,3.9,8.4089353929735,DAT
CN1C2CCC1[C@@H](C(=O)OCc1cn(CCCCCCCOC(=O)[C@H]3C4CCC(C[C@@H]3c3ccc(Cl)cc3)N4C)nn1)[C@@H](c1ccc(Cl)cc1)C2,3.9,8.4089353929735,DAT
CN1C2CCC1[C@@H](C(=O)OCCCCCn1ccnn1)[C@@H](c1ccc(Cl)cc1)C2,5.5,8.259637310505756,DAT
CN1C2CCC1[C@@H](C(=O)Nc1ccc(CCNC(=O)[C@H]3C4CCC(C[C@@H]3c3ccc(Cl)cc3)N4C)cc1)[C@@H](c1ccc(Cl)cc1)C2,6.6,8.18045606445813,DAT
CN1C2CCC1[C@@H](C(=O)OCc1cn(CCOC(=O)[C@H]3C4CCC(C[C@@H]3c3ccc(Cl)cc3)N4C)nn1)[C@@H](c1ccc(Cl)cc1)C2,16.0,7.795880017344075,DAT
CN1C2CCC1[C@@H](C(=O)NCc1ccc(CCNC(=O)[C@H]3C4CCC(C[C@@H]3c3ccc(Cl)cc3)N4C)cc1)[C@@H](c1ccc(Cl)cc1)C2,20.0,7.698970004336019,DAT
CN1C2CCC1[C@@H](C(=O)Nc1ccc(CNC(=O)[C@H]3C4CCC(C[C@@H]3c3ccc(Cl)cc3)N4C)cc1)[C@@H](c1ccc(Cl)cc1)C2,21.0,7.6777807052660805,DAT
CN1C2CCC1[C@@H](C(=O)NCc1ccc(CNC(=O)[C@H]3C4CCC(C[C@@H]3c3ccc(-c5ccsc5)cc3)N4C)cc1)[C@@H](c1ccc(-c3ccsc3)cc1)C2,93.0,7.031517051446065,DAT
CN1C2CCC1[C@@H](C(=O)NCc1ccc(CCNC(=O)[C@H]3C4CCC(C[C@@H]3c3ccc(-c5ccsc5)cc3)N4C)cc1)[C@@H](c1ccc(-c3ccsc3)cc1)C2,160.0,6.795880017344075,DAT
CN1C2CCC1[C@@H](C(=O)NCCC1CCN(C(=O)[C@H]3C4CCC(C[C@@H]3c3ccc(Cl)cc3)N4C)CC1)[C@@H](c1ccc(Cl)cc1)C2,180.0,6.7447274948966935,DAT
CN1C2CCC1[C@@H](C(=O)Nc1ccc(NC(=O)[C@H]3C4CCC(C[C@@H]3c3ccc(-c5ccsc5)cc3)N4C)cc1)[C@@H](c1ccc(-c3ccsc3)cc1)C2,210.0,6.6777807052660805,DAT
CN1C2CCC1[C@@H](C(=O)NCc1cccc(CNC(=O)[C@H]3C4CCC(C[C@@H]3c3ccc(-c5ccsc5)cc3)N4C)c1)[C@@H](c1ccc(-c3ccsc3)cc1)C2,230.0,6.638272163982407,DAT
CN1C2CCC1[C@@H](C(=O)NCCCCCCCCCCNC(=O)[C@H]1C3CCC(C[C@@H]1c1ccc(-c4ccsc4)cc1)N3C)[C@@H](c1ccc(-c3ccsc3)cc1)C2,350.0,6.455931955649724,DAT
CN1C2CCC1[C@@H](C(=O)NCCCCCCNC(=O)[C@H]1C3CCC(C[C@@H]1c1ccc(-c4ccsc4)cc1)N3C)[C@@H](c1ccc(-c3ccsc3)cc1)C2,540.0,6.267606240177031,DAT
CN1C2CCC1[C@@H](C(=O)Nc1ccc(NC(=O)[C@H]3C4CCC(C[C@@H]3c3ccc(Cl)cc3)N4C)cc1)[C@@H](c1ccc(Cl)cc1)C2,690.0,6.161150909262744,DAT
CN1C2CCC1[C@@H](C(=O)NCCCCCCCCNC(=O)[C@H]1C3CCC(C[C@@H]1c1ccc(-c4ccsc4)cc1)N3C)[C@@H](c1ccc(-c3ccsc3)cc1)C2,690.0,6.161150909262744,DAT
CN1C2CCC1[C@@H](C(=O)Nc1ccc(CCNC(=O)[C@H]3C4CCC(C[C@@H]3c3ccc(-c5ccsc5)cc3)N4C)cc1)[C@@H](c1ccc(-c3ccsc3)cc1)C2,710.0,6.1487416512809245,DAT
CN1C2CCC1[C@@H](C(=O)Nc1ccc(CNC(=O)[C@H]3C4CCC(C[C@@H]3c3ccc(-c5ccsc5)cc3)N4C)cc1)[C@@H](c1ccc(-c3ccsc3)cc1)C2,800.0,6.096910013008056,DAT
CN1C2CCC1[C@@H](C(=O)N[C@H]1CC[C@H](NC(=O)[C@H]3C4CCC(C[C@@H]3c3ccc(Cl)cc3)N4C)CC1)[C@@H](c1ccc(Cl)cc1)C2,890.0,6.050609993355087,DAT
CN1C2CCC1[C@@H](C(=O)N[C@H]1CC[C@H](NC(=O)[C@H]3C4CCC(C[C@@H]3c3ccc(-c5ccsc5)cc3)N4C)CC1)[C@@H](c1ccc(-c3ccsc3)cc1)C2,1300.0,5.886056647693163,DAT
Fc1cccc(CCNC23OC4C5C6CC(C7C6C4C72)C53)c1,137.0,6.863279432843593,DAT
Fc1cccc(CNC23OC4C5C6CC(C7C6C4C72)C53)c1,10000.0,5.0,DAT
OC12C3C4CC5C6C4C1C6C(C53)N2CCc1cccc(F)c1,10000.0,5.0,DAT
OC12C3C4CC5C6C4C1C6C(C53)N2Cc1cccc(F)c1,10000.0,5.0,DAT
COc1cc2c3c(c1OC)-c1cc4c(cc1CC3N(C)CC2)OCO4,10000.0,5.0,DAT
Clc1ccc([C@@]2(CCOC3CCC3)[C@@H]3CNC[C@@H]32)cc1Cl,6.31,8.199970640755865,DAT
CCC(C)OCC[C@]1(c2ccc(Cl)c(Cl)c2)[C@@H]2CNC[C@@H]21,5.012,8.299988937677888,DAT
CCC(C)OC[C@]1(c2ccc(Cl)c(Cl)c2)[C@@H]2CNC[C@@H]21,7.943,8.100015437450608,DAT
Clc1ccc([C@@]2(COCC3CC3)[C@@H]3CNC[C@@H]32)cc1Cl,10.0,8.0,DAT
Cc1csc(C[C@@H]2[C@H]3CNC[C@]32c2ccc(Cl)c(Cl)c2)n1,50.12,7.299988937677888,DAT
COCC[C@H]1[C@@]2(c3ccc(Cl)c(Cl)c3)CNC[C@]12C,125.89,6.900008766455315,DAT
COCC[C@H]1[C@]2(C)CNC[C@]12c1ccc(Cl)c(Cl)c1,50.12,7.299988937677888,DAT
COC[C@@H]1[C@H]2CNC[C@]21c1ccc2ccccc2c1,25.12,7.599980364934842,DAT
Fc1ccc(OC[C@H]2[C@@H]3CNC[C@@]32c2ccc(Cl)c(Cl)c2)cc1,79.43,7.100015437450609,DAT
Clc1ccc([C@@]23CNC[C@@H]2[C@H]3COC2CCCC2)cc1Cl,100.0,7.0,DAT
Cl.Clc1ccc([C@]23CNC[C@H]2[C@@H]3COC2CCC2)cc1Cl,3.981,8.400007822415901,DAT
Clc1ccc([C@]23CNC[C@H]2[C@@H]3COC2CCC2)cc1Cl,12.59,7.899974269892137,DAT
CCOC[C@H]1[C@@H]2CNC[C@@]21C,199.53,6.699991797446187,DAT
Clc1ccc([C@@]23CNC[C@@H]2[C@H]3COCC2CC2)cc1Cl,12.59,7.899974269892137,DAT
Clc1ccc([C@]23CNC[C@H]2[C@@H]3COCC2CC2)cc1Cl,199.53,6.699991797446187,DAT
Cc1ccc(Sc2cc(F)ccc2CN(C)C)c(N)c1,1220.0,5.913640169325252,DAT
Cc1ccc(Oc2cc(F)ccc2CN(C)C)c(N)c1,960.0,6.017728766960431,DAT
Cc1ccc(Oc2ccc(F)cc2CN(C)C)c(N)c1,503.0,6.298432014944073,DAT
Cc1ccc(Oc2cc(OCCF)ccc2CN(C)C)c(N)c1,726.0,6.139063379299906,DAT
Cc1ccc(Oc2ccc(OCCF)cc2CN(C)C)c(N)c1,4186.0,5.378200775997332,DAT
Cc1ccc(Oc2cc(OCCCF)ccc2CN(C)C)c(N)c1,1000.0,6.0,DAT
Cc1ccc(Oc2ccc(OCCCF)cc2CN(C)C)c(N)c1,6976.0,5.156393528075489,DAT
Cc1ccc(Oc2ccc(OCCCCF)cc2CN(C)C)c(N)c1,3604.0,5.443215217692975,DAT
O=C(c1ccc(-c2ccccc2)cc1)N1CCN(C(=O)c2ccc3cc[nH]c3c2)CC1,10000.0,5.0,DAT
COc1cccc(-c2ccc(C(=O)N3CCN(C(=O)c4ccc5cc[nH]c5c4)[C@@H](C)C3)cc2)c1,10000.0,5.0,DAT
COc1cccc(-c2ccc(C(=O)N3CCN(C(=O)c4ccc5cc[nH]c5c4)[C@H](C)C3)cc2)c1,10000.0,5.0,DAT
C[C@H]1CN(C(=O)c2ccc(-c3cccc(OC(F)(F)F)c3)cc2)CCN1C(=O)c1ccc2cc[nH]c2c1,10000.0,5.0,DAT
C[C@H]1CN(C(=O)c2ccc(-c3cccc(C(F)(F)F)c3)cc2)CCN1C(=O)c1ccc2cc[nH]c2c1,10000.0,5.0,DAT
C[C@H]1CN(C(=O)c2ccc(-c3cccc(F)c3)cc2)CCN1C(=O)c1ccc2cc[nH]c2c1,10000.0,5.0,DAT
C[C@H]1CN(C(=O)c2ccc(-c3ccccc3)cc2)CCN1C(=O)c1ccc2cc[nH]c2c1,10000.0,5.0,DAT
COc1ccccc1-c1ccc(C(=O)N2CCN(C(=O)c3ccc4cc[nH]c4c3)[C@@H](C)C2)cc1,10000.0,5.0,DAT
C[C@H]1CN(C(=O)c2ccc(-c3ccccc3F)cc2)CCN1C(=O)c1ccc2cc[nH]c2c1,10000.0,5.0,DAT
C[C@H]1CN(C(=O)c2ccc(-c3ccccc3Cl)cc2)CCN1C(=O)c1ccc2cc[nH]c2c1,10000.0,5.0,DAT
C[C@H]1CN(C(=O)c2ccc(-c3ccccc3C(F)(F)F)cc2)CCN1C(=O)c1ccc2cc[nH]c2c1,10000.0,5.0,DAT
Cc1ccccc1-c1ccc(C(=O)N2CCN(C(=O)c3ccc4cc[nH]c4c3)[C@@H](C)C2)cc1,10000.0,5.0,DAT
COc1ccc(-c2ccc(C(=O)N3CCN(C(=O)c4ccc5cc[nH]c5c4)[C@@H](C)C3)cc2)cc1,10000.0,5.0,DAT
C[C@H]1CN(C(=O)c2ccc(-c3ccc(OC(F)(F)F)cc3)cc2)CCN1C(=O)c1ccc2cc[nH]c2c1,10000.0,5.0,DAT
C[C@H]1CN(C(=O)c2ccc(-c3ccc(F)cc3)cc2)CCN1C(=O)c1ccc2cc[nH]c2c1,10000.0,5.0,DAT
CC(C)C(=O)N(Cc1cccc(Cl)c1Cl)[C@H]1CCNC1,640.0,6.1938200260161125,DAT
O=C(c1cccc(Cl)c1Cl)N(c1ccccc1)[C@H]1CCNC1,501.0,6.300162274132754,DAT
Oc1ccccc1C[C@H](c1ccccc1)N1CCNCC1,2070.0,5.684029654543082,DAT
COc1ccccc1CC(c1ccccc1)N1CCNCC1,10000.0,5.0,DAT
CCCOc1ccccc1CC(c1ccccc1)N1CCNCC1,1950.0,5.709965388637482,DAT
CC(C)Oc1ccccc1CC(c1ccccc1)N1CCNCC1,3160.0,5.500312917381596,DAT
c1ccc(C(Cc2ccccc2OC2CC2)N2CCNCC2)cc1,1390.0,5.856985199745905,DAT
c1ccc(C(Cc2ccccc2OCC2CC2)N2CCNCC2)cc1,1400.0,5.853871964321762,DAT
c1ccc(C(Cc2cccc3c2OCC3)N2CCNCC2)cc1,3160.0,5.500312917381596,DAT
FC(F)Oc1ccccc1CC(c1ccccc1)N1CCNCC1,6560.0,5.1830961606243395,DAT
FC(F)(F)Oc1ccccc1CC(c1ccccc1)N1CCNCC1,10000.0,5.0,DAT
COc1c(F)cccc1CC(c1ccccc1)N1CCNCC1,6810.0,5.166852888087215,DAT
COc1cccc(F)c1CC(c1ccccc1)N1CCNCC1,2370.0,5.625251653989896,DAT
Fc1cccc(OC(F)F)c1CC(c1ccccc1)N1CCNCC1,3160.0,5.500312917381596,DAT
COc1ccccc1CC(c1ccccc1F)N1CCNCC1,10000.0,5.0,DAT
COc1ccccc1CC(c1cccc(F)c1)N1CCNCC1,4060.0,5.391473966422806,DAT
COc1ccccc1CC(c1ccc(F)cc1)N1CCNCC1,4870.0,5.3124710387853655,DAT
Fc1ccccc1C(Cc1ccccc1OC(F)F)N1CCNCC1,10000.0,5.0,DAT
Fc1cccc(C(Cc2ccccc2OC(F)F)N2CCNCC2)c1,3460.0,5.460923901207224,DAT
Fc1ccc(C(Cc2ccccc2OC(F)F)N2CCNCC2)cc1,1760.0,5.75448733218585,DAT
Fc1ccccc1C(Cc1ccccc1OC(F)(F)F)N1CCNCC1,10000.0,5.0,DAT
Fc1cccc(C(Cc2ccccc2OC(F)(F)F)N2CCNCC2)c1,4900.0,5.309803919971486,DAT
Fc1ccc(C(Cc2ccccc2OC(F)(F)F)N2CCNCC2)cc1,5090.0,5.293282217663242,DAT
c1cc2[nH]ncc2cc1N1CCNCC1CC1CCOCC1,39.81,7.400007822415902,DAT
COCCC1CNCCN1c1ccc2[nH]ncc2c1,158.49,6.799998134593398,DAT
CCOCC1CNCCN1c1ccc2[nH]ncc2c1,316.23,6.499996931948306,DAT
COCC1CNCCN1c1ccc2[nH]ncc2c1,501.19,6.299997602857746,DAT
c1cc2[nH]ncc2cc1N1CCNCC1CC1CCCCC1,316.23,6.499996931948306,DAT
CC(C)CC1CNCCN1c1ccc2[nH]ncc2c1,15.85,7.79997073344623,DAT
CCCCC1CNCCN1c1ccc2[nH]ncc2c1,31.62,7.50003813440381,DAT
CCC[C@@H]1CNCCN1c1ccc2[nH]ncc2c1,794.33,6.0999990348465305,DAT
CCC[C@H]1CNCCN1c1ccc2[nH]ncc2c1,25.12,7.599980364934842,DAT
CCCC1CNCCN1c1ccc2[nH]ncc2c1,63.1,7.199970640755866,DAT
c1ccc(CCC2CNCCN2c2ccc3[nH]ncc3c2)cc1,31.62,7.50003813440381,DAT
c1ccc(C2CNCCN2c2ccc3[nH]ncc3c2)cc1,199.53,6.699991797446187,DAT
c1ccc(CC2CNCCN2c2ccc3[nH]ncc3c2)cc1,15.85,7.79997073344623,DAT
c1ccc(CC2CNCCN2c2cnc3[nH]ccc3c2)cc1,501.19,6.299997602857746,DAT
Fc1cc(N2CCNCC2Cc2ccccc2)cc2cc[nH]c12,15.85,7.79997073344623,DAT
Clc1cc(N2CCNCC2Cc2ccccc2)cc2cc[nH]c12,100.0,7.0,DAT
COc1cc(N2CCNCC2Cc2ccccc2)cc2cc[nH]c12,1584.89,5.800000874803203,DAT
NC(=O)c1cc2cc(N3CCNCC3Cc3ccccc3)ccc2[nH]1,3.162,8.500038134403809,DAT
NC(=O)c1c[nH]c2ccc(N3CCNCC3Cc3ccccc3)cc12,158.49,6.799998134593398,DAT
Cn1ccc2cc(N3CCNCC3Cc3ccccc3)ccc21,125.89,6.900008766455315,DAT
Clc1ccc(N2CCNCC2Cc2ccccc2)cc1Cl,79.43,7.100015437450609,DAT
CNc1ccc(N2CCNCC2Cc2ccccc2)cc1,398.11,6.399996913372259,DAT
c1ccc(CC2CNCCN2c2ccccc2)cc1,501.19,6.299997602857746,DAT
c1ccc(CC2CNCCN2c2ccc3[nH]ccc3c2)cc1,6.31,8.199970640755865,DAT
Clc1ccc([C@]23CCN4CC[C@]2(C4)C3)cc1Cl,251.19,6.599997654072045,DAT
C=CCC(OC)[C@]12CNCC[C@]1(c1ccc(Cl)c(Cl)c1)C2,1.585,8.79997073344623,DAT
COC[C@@H]1[C@@H]2CNCC[C@]12c1ccc(Cl)c(Cl)c1,398.11,6.399996913372259,DAT
COC[C@H]1[C@@H]2CNCC[C@@]21c1ccc(Cl)c(Cl)c1,1258.93,5.899998417198648,DAT
COC(=O)[C@@H]1C2CCC(C[C@@H]1c1ccc(F)cc1)N2C/C=C/CF,9.5,8.022276394711152,DAT
COC(=O)[C@@H]1C2CCC(C[C@@H]1c1ccc(Cl)cc1)N2C/C=C/CF,0.6,9.221848749616356,DAT
COC(=O)[C@@H]1C2CCC(C[C@@H]1c1ccc(Br)cc1)N2C/C=C/CF,0.4,9.397940008672037,DAT
COC(=O)[C@@H]1C2CCC(C[C@@H]1c1ccc(I)cc1)N2C/C=C/CF,0.5,9.301029995663981,DAT
COC(=O)[C@@H]1C2CCC(C[C@@H]1c1ccc(C)cc1)N2C/C=C/CF,2.7,8.568636235841012,DAT
O=C(c1ccc2[nH]ccc2c1)C1(Cc2ccccc2)CCNC1,7.943,8.100015437450608,DAT
O=C(c1cc(F)c2[nH]ccc2c1)C1(Cc2ccccc2)CCNC1,12.59,7.899974269892137,DAT
CCCC1(C(=O)c2cc(F)c3[nH]ccc3c2)CCNC1,15.85,7.79997073344623,DAT
CC(C)CC1(C(=O)c2cc(F)c3[nH]ccc3c2)CCNC1,7.943,8.100015437450608,DAT
CCOCC1(C(=O)c2cc(F)c3[nH]ccc3c2)CCNC1,79.43,7.100015437450609,DAT
CCCCC1(C(=O)c2cc(F)c3[nH]ccc3c2)CCNC1,6.31,8.199970640755865,DAT
CC(C)CCC1(C(=O)c2cc(F)c3[nH]ccc3c2)CCNC1,1.585,8.79997073344623,DAT
CC(C)(C)CCC1(C(=O)c2cc(F)c3[nH]ccc3c2)CCNC1,0.7943,9.100015437450608,DAT
Cc1ccc(C(=O)C2(CCC(C)(C)C)CCNC2)cc1Cl,12.59,7.899974269892137,DAT
CC(C)(C)CCC1(C(=O)c2ccc(Cl)c(Cl)c2)CCNC1,6.31,8.199970640755865,DAT
CC(C)(C)CCC1(C(=O)c2cc(F)c(Cl)c(Cl)c2)CCNC1,10.0,8.0,DAT
CC(C)(C)CCC1(C(=O)c2cc(Cl)c(Cl)s2)CCNC1,1.995,8.700057099977233,DAT
CC(C)(C)CCC1(C(=O)c2ccc(Cl)c(Cl)n2)CCNC1,10.0,8.0,DAT
CC(C)(C)CCC1(C(=O)c2ccc(N)c(Cl)c2)CCNC1,3.162,8.500038134403809,DAT
CC(C)(C)CCC1(C(=O)c2cnc(N)c(Cl)c2)CCNC1,63.1,7.199970640755866,DAT
CC(C)(C)CCC1(C(=O)c2ccc3[nH]ncc3c2)CCNC1,7.943,8.100015437450608,DAT
CC(C)(C)CCC1(C(=O)c2cc3ccccc3s2)CCNC1,1.259,8.899974269892137,DAT
CC(C)(C)CCC1(C(=O)c2cc3ccccc3[nH]2)CCNC1,2.512,8.599980364934842,DAT
CC(C)(C)CCC1(C(=O)c2ccc3ccccc3n2)CCNC1,3.981,8.400007822415901,DAT
Cc1cccc2nc(C(=O)C3(CCC(C)(C)C)CCNC3)ccc12,1.0,9.0,DAT
CCCC1(C(=O)c2ccc3[nH]ccc3c2)CCCN1,2.512,8.599980364934842,DAT
CCCC1(C(=O)c2cc(F)c3[nH]ccc3c2)CCCN1,3.981,8.400007822415901,DAT
CCCC1(C(=O)c2ccc(Cl)c(Cl)c2)CCCN1,15.85,7.79997073344623,DAT
CCC[C@@]1(C(=O)c2ccc(Cl)c(Cl)c2)CCCN1,50.12,7.299988937677888,DAT
CCCC1(C(=O)c2ccc(N)c(Cl)c2)CCCN1,6.31,8.199970640755865,DAT
CC(C)CC1(C(=O)c2ccc(N)c(Cl)c2)CCCN1,3.162,8.500038134403809,DAT
CC(C)OCC1(C(=O)c2ccc(N)c(Cl)c2)CCCN1,3.162,8.500038134403809,DAT
CCCC1(C(=O)c2ccc3[nH]ncc3c2)CCCN1,12.59,7.899974269892137,DAT
CC(C)CC1(C(=O)c2ccc3[nH]ncc3c2)CCCN1,6.31,8.199970640755865,DAT
CC(C)(C)CCC1(C(=O)c2ccc3[nH]ncc3c2)CCCN1,3.162,8.500038134403809,DAT
O=C(c1ccc2[nH]ccc2c1)C1(Cc2ccccc2)CNC1,794.33,6.0999990348465305,DAT
O=C(c1ccc2[nH]ccc2c1)C1(Cc2ccccc2)CCCN1,39.81,7.400007822415902,DAT
O=C(c1ccc2[nH]ccc2c1)C1(Cc2ccccc2)CCCNC1,63.1,7.199970640755866,DAT
O=C(c1ccc2[nH]ccc2c1)C1(Cc2ccccc2)CCCCNC1,251.19,6.599997654072045,DAT
O=C(NC1CCCCC1)N1OCC2CSc3ccc(F)cc3C21,10000.0,5.0,DAT
CCCCC1CCN(CCCC(=O)c2ccccc2C)CC1,1000.0,6.0,DAT
COC(=O)CCCCCN1CCC(CNC(=O)c2c3n(c4ccccc24)CCCO3)CC1,10000.0,5.0,DAT
O=C(O)CCCCCN1CCC(CNC(=O)c2c3n(c4ccccc24)CCCO3)CC1,10000.0,5.0,DAT
CCCCC1=C(c2ccc(Cl)cc2)C2CCN1CC2,14.0,7.853871964321762,DAT
CN(C)C[C@H]1C2CCC(CC2)[C@H]1c1ccc(Cl)c(Cl)c1,7.2,8.142667503568731,DAT
CN(Cc1cccc(F)c1)[C@H]1C2C3CC4C5C3CC2C5C41,1.2,8.920818753952375,DAT
CN(CCc1cccc(F)c1)[C@H]1C2C3CC4C5C3CC2C5C41,101.0,6.995678626217357,DAT
Fc1cccc(CCN[C@H]2C3C4CC5C6C4CC3C6C52)c1,1684.0,5.773657912836369,DAT
Fc1cccc(CN[C@H]2C3C4CC5C6C4CC3C6C52)c1,3443.0,5.463062977295326,DAT
COC(=O)[C@H](c1cccc(I)c1)[C@H]1CCCCN1Cc1ccccc1N=[N+]=[N-],1112.0,5.953895212753961,DAT
COC(=O)[C@H](c1cccc(I)c1)[C@H]1CCCCN1Cc1cccc(N=[N+]=[N-])c1,2056.0,5.686976889676762,DAT
COC(=O)[C@H](c1cccc(I)c1)[C@H]1CCCCN1Cc1ccc(N=[N+]=[N-])cc1,658.0,6.181774106386044,DAT
COC(=O)[C@H](c1ccc(I)cc1)[C@H]1CCCCN1Cc1ccccc1N=[N+]=[N-],517.0,6.286509456906058,DAT
COC(=O)[C@H](c1ccc(I)cc1)[C@H]1CCCCN1Cc1cccc(N=[N+]=[N-])c1,2754.0,5.560036064079095,DAT
COC(=O)[C@H](c1ccc(I)cc1)[C@H]1CCCCN1Cc1ccc(N=[N+]=[N-])cc1,363.0,6.440093374963888,DAT
COC(=O)[C@H](c1cccc(I)c1)[C@H]1CCCCN1,4.5,8.346787486224656,DAT
COC(=O)[C@H](c1ccc(I)cc1)[C@H]1CCCCN1,14.0,7.853871964321762,DAT
COC(=O)[C@H](c1ccccc1)[C@H]1CCCCN1,25.0,7.6020599913279625,DAT
Fc1ccccc1Oc1ccccc1OC1CCNCC1,4510.0,5.345823458122039,DAT
Fc1ccccc1Oc1cccc(F)c1OC1CCNCC1,2190.0,5.6595558851598815,DAT
Fc1cccc(Cl)c1Oc1cccc(F)c1OC1CCNCC1,6370.0,5.195860567664649,DAT
Cc1cccc(F)c1Oc1cccc(F)c1OC1CCNCC1,6460.0,5.189767482004916,DAT
Fc1ccccc1Oc1cccc(F)c1OC1CCCNC1,5590.0,5.252588192113577,DAT
Fc1ccccc1Oc1ccccc1OC1CCNC1,6220.0,5.206209615309181,DAT
Fc1ccccc1Oc1cccc(F)c1OC1CCNC1,3880.0,5.411168274405792,DAT
Fc1cccc(Oc2ccccc2Cl)c1OC1CCNC1,2030.0,5.692503962086787,DAT
Cc1cccc(F)c1Oc1cccc(F)c1OC1CCNC1,6460.0,5.189767482004916,DAT
Fc1cccc(Cl)c1Oc1cccc(F)c1OC1CCNC1,6460.0,5.189767482004916,DAT
Fc1cccc(Cl)c1Oc1ncccc1OC1CCNC1,4620.0,5.335358024443874,DAT
CNC1CC(c2ccc(Cl)c(Cl)c2)c2ccccc21,0.7943,9.100015437450608,DAT
Cc1cnc([C@@]23CNCC[C@]2(c2ccc(Cl)c(Cl)c2)C3)o1,1.0,9.0,DAT
Cc1csc(C23CNCC[C@]2(c2ccc(Cl)c(Cl)c2)C3)n1,0.1995,9.700057099977233,DAT
Cc1cc([C@@]23CNCC[C@]2(c2ccc(Cl)c(Cl)c2)C3)no1,1.995,8.700057099977233,DAT
Cc1ncoc1C[C@@]12CNCC[C@]1(c1ccc(Cl)c(Cl)c1)C2,12.59,7.899974269892137,DAT
Cc1ccn(CC23CNCC[C@]2(c2ccc(Cl)c(Cl)c2)C3)n1,316.23,6.499996931948306,DAT
Cc1ccnn1CC12CNCC[C@]1(c1ccc(Cl)c(Cl)c1)C2,100.0,7.0,DAT
Cc1cnn(C[C@@]23CNCC[C@]2(c2ccc(Cl)c(Cl)c2)C3)c1,125.89,6.900008766455315,DAT
Cc1cc(C)n(C[C@@]23CNCC[C@]2(c2ccc(Cl)c(Cl)c2)C3)n1,6.31,8.199970640755865,DAT
Cc1cc(C)n(CC23CNCC[C@]2(c2ccc(Cl)c(Cl)c2)C3)n1,158.49,6.799998134593398,DAT
FC(F)(F)c1ccnn1C[C@@]12CNCC[C@]1(c1ccc(Cl)c(Cl)c1)C2,1.585,8.79997073344623,DAT
FC(F)(F)c1ccn(C[C@@]23CNCC[C@]2(c2ccc(Cl)c(Cl)c2)C3)n1,25.12,7.599980364934842,DAT
N#Cc1ccnn1C[C@@]12CNCC[C@]1(c1ccc(Cl)c(Cl)c1)C2,19.95,7.700057099977233,DAT
N#Cc1ccn(C[C@@]23CNCC[C@]2(c2ccc(Cl)c(Cl)c2)C3)n1,25.12,7.599980364934842,DAT
Cc1cc(C(F)(F)F)nn1C[C@@]12CNCC[C@]1(c1ccc(Cl)c(Cl)c1)C2,1.995,8.700057099977233,DAT
Cc1cc(C(F)(F)F)n(C[C@@]23CNCC[C@]2(c2ccc(Cl)c(Cl)c2)C3)n1,1.259,8.899974269892137,DAT
CC(C)(C)c1ccn(C[C@@]23CNCC[C@]2(c2ccc(Cl)c(Cl)c2)C3)n1,6.31,8.199970640755865,DAT
N#Cc1ccn(CC23CNCC[C@]2(c2ccc(Cl)c(Cl)c2)C3)c1,12.59,7.899974269892137,DAT
Cc1ccn(CC23CNCC[C@]2(c2ccc(Cl)c(Cl)c2)C3)c1,31.62,7.50003813440381,DAT
Cc1nc(C)n(CC23CNCC[C@]2(c2ccc(Cl)c(Cl)c2)C3)n1,15.85,7.79997073344623,DAT
Clc1ccc([C@]23CCNCC2(Cn2ccc4ccccc42)C3)cc1Cl,19.95,7.700057099977233,DAT
Clc1ccc([C@]23CCNCC2(Cn2ncc4ccccc42)C3)cc1Cl,15.85,7.79997073344623,DAT
Clc1ccc([C@]23CCNCC2(Cn2cc4ccccc4n2)C3)cc1Cl,3.981,8.400007822415901,DAT
CC(=O)Oc1ccc(C(c2ccc(OC(C)=O)cc2)c2ccccn2)cc1,1755.0,5.7557228791981565,DAT
Oc1c(Cl)cc(Cl)cc1Sc1cc(Cl)cc(Cl)c1O,1733.0,5.761201437286083,DAT
CC(N)Cc1c[nH]c2ccc(OCc3cccs3)cc12,2133.0,5.671009144550571,DAT
COc1ccc(CCN2CCC(Nc3nc4ccccc4n3Cc3ccc(F)cc3)CC2)cc1,793.0,6.100726812682396,DAT
CCCCc1oc2ccccc2c1C(=O)c1cc(I)c(OCCN(CC)CC)c(I)c1,1990.0,5.701146923590294,DAT
CCOC(=O)C1=C(COCCN)NC(C)=C(C(=O)OC)C1c1ccccc1Cl,4387.0,5.357832365595055,DAT
CC(O)COC[C@H]1O[C@@H]2O[C@H]3[C@H](O)[C@@H](O)[C@@H](O[C@H]4[C@H](O)[C@@H](O)[C@@H](O[C@H]5[C@H](O)[C@@H](O)[C@@H](O[C@H]6[C@H](O)[C@@H](O)[C@@H](O[C@H]7[C@H](O)[C@@H](O)[C@@H](O[C@H]8[C@H](O)[C@@H](O)[C@@H](O[C@H]1[C@H](O)[C@H]2O)O[C@@H]8COCC(C)O)O[C@@H]7COCC(C)O)O[C@@H]6COCC(C)O)O[C@@H]5COCC(C)O)O[C@@H]4COCC(C)O)O[C@@H]3COCC(C)O,1341.0,5.872571222148402,DAT
CC(C)(C)c1ccc(C(=O)CCCN2CCC(OC(c3ccccc3)c3ccccc3)CC2)cc1,78.4,7.105683937315561,DAT
Clc1ccc(COC(Cn2ccnc2)c2ccc(Cl)cc2Cl)cc1,663.0,6.178486471595226,DAT
CN1CCC[C@@H]1CCO[C@](C)(c1ccccc1)c1ccc(Cl)cc1,538.0,6.269217724333611,DAT
COc1cc2nc(N3CCN(C(=O)C4COc5ccccc5O4)CC3)nc(N)c2cc1OC,149.0,6.826813731587726,DAT
CN1CCN(C(c2ccccc2)c2ccccc2)CC1,606.0,6.217527375833714,DAT
Cc1cc(C(C#N)c2ccc(Cl)cc2)c(Cl)cc1NC(=O)c1cc(I)cc(I)c1O,3800.0,5.42021640338319,DAT
CCN(CC)C(=S)SSC(=S)N(CC)CC,3684.0,5.433680378475189,DAT
Clc1ccccc1C(c1ccccc1)(c1ccccc1)n1ccnc1,4434.0,5.35320431122153,DAT
CC(CCc1ccc(O)cc1)NCCc1ccc(O)c(O)c1,123.0,6.910094888560602,DAT
CN(C)CCOC(c1ccccc1)c1ccccc1.Cn1c(=O)c2[nH]c(Cl)nc2n(C)c1=O,1784.0,5.748605149959896,DAT
COc1ccccc1OCCNCC(O)COc1cccc2[nH]c3ccccc3c12,671.0,6.1732774798310075,DAT
CS(=O)(=O)Nc1ccc([N+](=O)[O-])cc1Oc1ccccc1,11826.0,4.927162125336913,DAT
CCCNCC(O)COc1ccccc1C(=O)CCc1ccccc1,1484.0,5.828566099056992,DAT
NC1=NC(=O)C(c2ccccc2)O1,414.2,6.382789905442566,DAT
COc1ccc(CN(CCN(C)C)c2ccccn2)cc1,699.0,6.1555228242543185,DAT
Clc1ccc(CO/N=C(\Cn2ccnc2)c2ccc(Cl)cc2Cl)c(Cl)c1,2109.8,5.675758712007131,DAT
Cc1c(O)cccc1C(=O)N[C@@H](CSc1ccccc1)[C@H](O)CN1C[C@H]2CCCC[C@H]2C[C@H]1C(=O)NC(C)(C)C,12335.0,4.908860846174245,DAT
CCN(CC)CC#CCOC(=O)C(O)(c1ccccc1)C1CCCCC1,67.9,7.168130225719498,DAT
CNCCCC12CCC(c3ccccc31)c1ccccc12,2312.0,5.636012170251508,DAT
Clc1ccc(COC(Cn2ccnc2)c2ccc(Cl)cc2Cl)c(Cl)c1,1352.0,5.869023308394382,DAT
NC(=O)C[S+]([O-])C(c1ccccc1)c1ccccc1,1456.0,5.836838625022981,DAT
CC(CCc1ccccc1)NCC(O)c1ccc(O)c(C(N)=O)c1,1277.0,5.893809102736585,DAT
CC(=O)N1CCN(c2ccc(OCC3COC(Cn4ccnc4)(c4ccc(Cl)cc4Cl)O3)cc2)CC1,18685.0,4.728506897814343,DAT
Clc1ccc(C(c2ccccc2Cl)C(Cl)Cl)cc1,795.0,6.0996328713435295,DAT
O=c1ncn2nc(Sc3ccc(F)cc3F)ccc2c1-c1c(Cl)cccc1Cl,6434.0,5.191518943434049,DAT
Cc1c(C)c2c(c(C)c1O)CCC(C)(CN1CCN(c3cc(N4CCCC4)nc(N4CCCC4)n3)CC1)O2,10609.0,4.974325550589656,DAT
CSc1ccc2c(c1)N(CCC1CCCCN1C)c1ccccc1S2,1888.0,5.72399801003795,DAT
Clc1ccc(CSC(Cn2ccnc2)c2ccc(Cl)cc2Cl)cc1,1371.0,5.862962545210488,DAT
CN[C@H]1CC[C@@H](c2ccc(Cl)c(Cl)c2)c2ccccc21,25.8,7.58838029403677,DAT
CCCCCCCCNC(C)C(O)c1ccc(SC(C)C)cc1,2041.9,5.6899655308640105,DAT
CC(C)CC(N(C)C)C1(c2ccc(Cl)cc2)CCC1,502.0,6.29929628285498,DAT
CC(C)N1CCN(c2ccc(OCC3COC(Cn4cncn4)(c4ccc(Cl)cc4Cl)O3)cc2)CC1,4347.0,5.361810359809163,DAT
CC(C)(C)c1ccc(C(O)CCCN2CCC(C(O)(c3ccccc3)c3ccccc3)CC2)cc1,203.0,6.692503962086787,DAT
CN1C2CCC1[C@@H](CNc1cccc(F)n1)[C@@H](c1ccc(Cl)cc1)C2,4.1,8.387216143280265,DAT
CN1C2CCC1[C@@H](CNc1ccnc(Br)c1)[C@@H](c1ccc(Cl)cc1)C2,7.9,8.102372908709558,DAT
CN1C2CCC1[C@@H](CNc1ccc(Br)nc1)[C@@H](c1ccc(Cl)cc1)C2,17.9,7.747146969020107,DAT
CN1C2CCC1[C@@H](CNc1cccc(Br)n1)[C@@H](c1ccc(Cl)cc1)C2,5.6,8.2518119729938,DAT
CN1C2CCC1[C@@H](C(=O)Nc1cccc(F)n1)[C@@H](c1ccc(Cl)cc1)C2,127.0,6.896196279044043,DAT
CN1C2CCC1[C@@H](C(=O)Nc1ccnc(Br)c1)[C@@H](c1ccc(Cl)cc1)C2,82.2,7.0851281824599495,DAT
CN1C2CCC1[C@@H](C(=O)Nc1ccc(Br)nc1)[C@@H](c1ccc(Cl)cc1)C2,106.0,6.97469413473523,DAT
CN1C2CCC1[C@@H](C(=O)Nc1cccc(Br)n1)[C@@H](c1ccc(Cl)cc1)C2,86.7,7.061980902523789,DAT
COC(=O)[C@@H]1C2CCC(C[C@@H]1c1ccc(Br)cc1)N2C,3.5,8.455931955649724,DAT
CC(NC(C)(C)C)C(=O)c1ccc(N=[N+]=[N-])c(I)c1.Cl,3071.0,5.512720183556931,DAT
COC(=O)[C@H]1[C@@H](c2ccc(C)cc2)C[C@@H]2CC[C@H]1N2C/C=C/I,17.0,7.769551078621726,DAT
COC(=O)[C@H]1[C@@H](c2ccc(C)cc2)C[C@@H]2CC[C@H]1N2C/C=C(\I)C(F)(F)F,116.0,6.935542010773082,DAT
COC(=O)[C@H]1[C@@H](c2ccc(C)cc2)C[C@@H]2CC[C@H]1N2C/C(I)=C/C(F)(F)F,0.87,9.060480747381382,DAT
COC(=O)[C@H]1[C@@H](c2ccc(C)cc2)C[C@@H]2CC[C@H]1N2C,32.36,7.489991487059765,DAT
CCc1ccc([C@H]2C[C@@H]3CC[C@H]([C@H]2C(=O)OC)N3C)cc1,501.19,6.299997602857746,DAT
CCCc1ccc([C@H]2C[C@@H]3CC[C@H]([C@H]2C(=O)OC)N3C)cc1,501.19,6.299997602857746,DAT
COC(=O)[C@H]1[C@@H](c2ccc(C(C)C)cc2)C[C@@H]2CC[C@H]1N2C,501.19,6.299997602857746,DAT
CCCCc1ccc([C@H]2C[C@@H]3CC[C@H]([C@H]2C(=O)OC)N3C)cc1,501.19,6.299997602857746,DAT
COC(=O)[C@H]1[C@@H](c2ccc(C)c(I)c2)C[C@@H]2CC[C@H]1N2C,46.77,7.3300326300914955,DAT
CCc1ccc([C@H]2C[C@@H]3CC[C@H]([C@H]2C(=O)OC)N3C)cc1I,338.84,6.470005326930858,DAT
CCCc1ccc([C@H]2C[C@@H]3CC[C@H]([C@H]2C(=O)OC)N3C)cc1I,501.19,6.299997602857746,DAT
COC(=O)[C@H]1[C@@H](c2ccc(C(C)C)c(I)c2)C[C@@H]2CC[C@H]1N2C,501.19,6.299997602857746,DAT
CCCCc1ccc([C@H]2C[C@@H]3CC[C@H]([C@H]2C(=O)OC)N3C)cc1I,371.54,6.429994423238211,DAT
COC(=O)[C@H]1[C@@H](c2ccc(C)c(I)c2)C[C@@H]2CC[C@H]1N2,112.2,6.950007143079858,DAT
CCc1ccc([C@H]2C[C@@H]3CC[C@@H](N3)[C@H]2C(=O)OC)cc1I,263.03,6.579994715040948,DAT
CCCc1ccc([C@H]2C[C@@H]3CC[C@@H](N3)[C@H]2C(=O)OC)cc1I,501.19,6.299997602857746,DAT
COC(=O)[C@H]1[C@@H](c2ccc(C(C)C)c(I)c2)C[C@@H]2CC[C@H]1N2,501.19,6.299997602857746,DAT
CCCCc1ccc([C@H]2C[C@@H]3CC[C@@H](N3)[C@H]2C(=O)OC)cc1I,371.54,6.429994423238211,DAT
COC(=O)[C@H]1[C@@H](c2ccc(C(C)C)cc2)C[C@@H]2CC[C@H]1N2C/C=C/I,371.54,6.429994423238211,DAT
CCCc1ccc([C@H]2C[C@@H]3CC[C@H]([C@H]2C(=O)OC)N3C/C=C/I)cc1,371.54,6.429994423238211,DAT
C/C=C/CN1[C@H]2CC[C@@H]1[C@@H](C(=O)OC)[C@@H](c1ccc(I)cc1)C2,15.14,7.8198741248359465,DAT
C=C(Br)CN1[C@H]2CC[C@@H]1[C@@H](C(=O)OC)[C@@H](c1ccc(I)cc1)C2,30.2,7.51999305704285,DAT
C#CCN1[C@H]2CC[C@@H]1[C@@H](C(=O)OC)[C@@H](c1ccc(I)cc1)C2,14.13,7.849857838151442,DAT
COC(=O)[C@H]1[C@@H](c2ccc(I)cc2)C[C@@H]2CC[C@H]1N2Cc1ccccc1,41.69,7.3799681048737025,DAT
COC(=O)[C@H]1[C@@H](c2ccc(I)cc2)C[C@@H]2CC[C@H]1N2Cc1ccccc1C,93.33,7.029978734171634,DAT
COC(=O)[C@H]1[C@@H](c2ccc(I)cc2)C[C@@H]2CC[C@H]1N2C/C=C/I,30.2,7.51999305704285,DAT
COC(=O)[C@H]1[C@@H](c2ccccc2)C[C@@H]2CC[C@H]1N2C/C=C/I,114.82,6.9399824574684,DAT
COC(=O)[C@H]1[C@@H](c2ccc(Cl)c(Cl)c2)C[C@@H]2CC[C@H]1N2C/C=C/I,28.84,7.540004743952609,DAT
Cc1ccc([C@H]2C[C@@H]3CC[C@H]([C@H]2C(=O)OCCF)N3C/C=C/I)cc1,12.02,7.92009553233328,DAT
COC(=O)[C@H]1[C@@H](c2ccc(I)cc2)C[C@@H]2CC[C@H]1N2CCCF,28.18,7.550059011226662,DAT
C[C@@H](CF)OC(=O)[C@H]1[C@@H](c2ccc(Cl)cc2)C[C@@H]2CC[C@H]1N2C,0.6761,9.169989064063882,DAT
C[C@H](CF)OC(=O)[C@H]1[C@@H](c2ccc(Cl)cc2)C[C@@H]2CC[C@H]1N2C,3.236,8.489991487059765,DAT
COC(=O)[C@H]1[C@@H](c2ccccc2)C[C@@H]2CC[C@H]1N2C,33.11,7.4800408192479315,DAT
COC(=O)[C@H]1[C@@H](c2ccc(F)cc2)C[C@@H]2CC[C@H]1N2C,35.48,7.450016388840311,DAT
COC(=O)[C@H]1[C@@H](c2ccc(F)cc2)C[C@@H]2CC[C@H]1N2CCF,70.79,7.15002808767115,DAT
COC(=O)[C@H]1[C@@H](c2ccc(F)cc2)C[C@@H]2CC[C@H]1N2CCCF,47.86,7.320027305722581,DAT
CN(C)C(=O)c1ccc(-c2ccc3c(c2)CCN(CCN2CCCC2)C3=O)cc1,10000.0,5.0,DAT
CCNC(=O)c1ccc(-c2ccc3c(c2)CCN(CCN2CCC[C@H]2C)C3=O)cc1,10000.0,5.0,DAT
C1CC2CCC1N2CC12C3C4C5C3C1C5C42,10000.0,5.0,DAT
c1ccc(CCN2CCCC2)cc1,2731.0,5.563678299860267,DAT
Fc1cccc(CCN2CCCC2)c1,2309.0,5.6365760670828235,DAT
O=C(CCCCN1CCN(c2ccc(Cl)cc2)CC1)c1nc2ccccc2s1,4742.0,5.324038450357831,DAT
Cc1ccc([C@H]2C[C@@H]3CC[C@H]([C@H]2C(=O)OCC[18F])N3C/C=C/I)cc1,12.0,7.920818753952375,DAT
CN(CC[18F])C[C@H]1[C@@H](c2ccc(Cl)cc2)C[C@@H]2CC[C@H]1N2C,3.79,8.421360790031928,DAT
CN(CCC[18F])C[C@H]1[C@@H](c2ccc(Cl)cc2)C[C@@H]2CC[C@H]1N2C,2.64,8.578396073130168,DAT
CN(CCOCC[18F])C[C@H]1[C@@H](c2ccc(Cl)cc2)C[C@@H]2CC[C@H]1N2C,4.63,8.334419008982048,DAT
CN(C)C(=O)[C@H]1[C@@H](c2ccc(Cl)cc2)C[C@@H]2CC[C@H]1N2CC[18F],699.0,6.1555228242543185,DAT
CN(C)C(=O)[C@H]1[C@@H](c2ccc(Cl)cc2)C[C@@H]2CC[C@H]1N2CCC[18F],135.0,6.8696662315049934,DAT
CN(C)C[C@H]1[C@@H](c2ccc(Cl)cc2)C[C@@H]2CC[C@H]1N2CC[18F],18.3,7.73754891026957,DAT
CN(C)C[C@H]1[C@@H](c2ccc(Cl)cc2)C[C@@H]2CC[C@H]1N2CCC[18F],26.9,7.570247719997592,DAT
COC(=O)[C@H](c1ccc(N=[N+]=[N-])c(I)c1)[C@H]1CCCCN1,4.0,8.397940008672037,DAT
COC(=O)[C@H](c1ccc([N+](=O)[O-])cc1)[C@H]1CCCCN1,77.0,7.113509274827518,DAT
COC(=O)[C@H](c1ccc(N)cc1)[C@H]1CCCCN1,6.3,8.200659450546418,DAT
COC(=O)[C@H](c1ccc(N)c(I)c1)[C@H]1CCCCN1,9.1,8.040958607678906,DAT
COC(=O)[C@H](c1ccc(N=[N+]=[N-])cc1)[C@H]1CCCCN1,35.0,7.455931955649724,DAT
COC(=O)[C@H](c1ccc(Cl)c(Cl)c1)[C@H]1CCCCN1,1.8,8.744727494896694,DAT
CC(c1nc2c(cnn2C2CCOCC2)c(=O)[nH]1)N1CC(Oc2ccc(C#N)cc2)C1,10000.0,5.0,DAT
CC(c1nc2c(cnn2C2CCOCC2)c(=O)[nH]1)N1CC(Oc2ccc(F)cc2)C1,1200.0,5.920818753952375,DAT
Cc1ccc2c(c1)CN(C)CC2c1ccc(Cl)cc1,40.5,7.392544976785332,DAT
Cc1ccc2c(c1)CN(C)CC2c1cc(F)cc(F)c1,78.0,7.107905397309519,DAT
Cc1ccc2c(c1)CN(C)CC2c1cccc(Cl)c1,36.0,7.443697499232712,DAT
Cc1ccc2c(c1)CN(C)CC2c1ccc(F)c(F)c1,106.0,6.97469413473523,DAT
Cc1ccc(C2CN(C)Cc3cc(C)ccc32)cc1,27.0,7.568636235841012,DAT
CN1Cc2cc(O)ccc2C(c2ccc(F)c(F)c2)C1,64.0,7.1938200260161125,DAT
COc1ccc2c(c1)CN(C)CC2c1ccc(C)c(F)c1,21.5,7.667561540084394,DAT
COc1ccc2c(c1)CN(C)CC2c1cccc(C)c1,25.0,7.6020599913279625,DAT
COc1ccc2c(c1)CN(C)CC2c1ccc(F)c(F)c1,77.0,7.113509274827518,DAT
CN1Cc2cc(F)ccc2C(c2ccccc2)C1,687.0,6.16304326294045,DAT
Cc1ccc(C2CN(C)Cc3c(C)cccc32)cc1,10.6,7.97469413473523,DAT
Cc1cccc2c1CN(C)CC2c1ccc(F)c(F)c1,58.0,7.236572006437063,DAT
Cc1cc(C2CN(C)Cc3ccccc32)ccc1F,61.0,7.214670164989233,DAT
Cc1ccc(C2CN(C)Cc3ccccc32)cc1F,30.1,7.521433504406157,DAT
CN1Cc2ccccc2C(c2ccc(Cl)c(F)c2)C1,44.7,7.349692476868063,DAT
CN1Cc2ccccc2C(c2ccc(F)c(F)c2)C1,98.8,7.005243055412372,DAT
CN1Cc2ccccc2C(c2ccc(Cl)cc2)C1,356.0,6.448550002027124,DAT
Cc1cccc2c1C(c1ccccc1)CN(C)C2,1840.0,5.735182176990463,DAT
COc1ccc2c(c1)C(c1ccccc1)CN(C)C2,173.0,6.761953896871205,DAT
Cc1ccc2c(c1)C(c1ccccc1)CN(C)C2,107.0,6.97061622231479,DAT
Cc1ccc2c(c1C)CN(C)CC2c1ccccc1,227.0,6.6439741428068775,DAT
CCOc1ccc2c(c1)CN(C)CC2c1ccccc1,210.0,6.6777807052660805,DAT
COc1ccc2c(c1)CN(C)CC2c1ccccc1,82.0,7.086186147616283,DAT
CCc1ccc2c(c1)CN(C)CC2c1ccccc1,233.0,6.632644078973981,DAT
Cc1ccc2c(c1)CN(C)CC2c1ccccc1,112.0,6.950781977329818,DAT
CN1Cc2ccccc2C(c2ccccc2)C1,371.0,6.430626090384954,DAT
CN1Cc2c(O)cccc2C(c2ccccc2)C1,129.0,6.889410289700751,DAT
COc1cccc2c1CN(C)CC2c1ccccc1,157.0,6.804100347590767,DAT
Cc1cccc2c1CN(C)CC2c1ccccc1,276.0,6.559090917934782,DAT
COC(=O)[C@H]1[C@@H](c2ccc(Cl)cc2)C[C@@H]2CC[C@H]1N2CCF,8.0,8.096910013008056,DAT
COc1cccc(CCN2C3C4C5CC6C7C5C3C7C2(O)C64)c1OC,10000.0,5.0,DAT
COc1cccc(CCN2C3C4C5CC6C7C5C3C7C2(O)C64)c1,3180.0,5.497572880015568,DAT
OC12C3C4CC5C6C4C1C6C(C53)N2Cc1ccccn1,10000.0,5.0,DAT
COc1c(F)ccc(F)c1C1CCN(c2ccn3c(CC4CC4)nnc3c2Cl)CC1,8500.0,5.070581074285707,DAT
COc1ccc(F)cc1C1CCN(c2ccn3c(CC4CC4)nnc3c2Cl)CC1,5005.0,5.300595918184662,DAT
Clc1ccc(C2CCCCNC2)cc1Cl,11.0,7.958607314841775,DAT
CN1CCCCC(c2ccc(Cl)c(Cl)c2)C1,8.0,8.096910013008056,DAT
C1=CCC(c2cc3ccccc3o2)CNC1,23.0,7.638272163982407,DAT
CN1CC=CCC(c2cc3ccccc3o2)C1,60.0,7.221848749616356,DAT
Clc1cccc(C2CC=CCNC2)c1,240.0,6.619788758288394,DAT
Clc1ccc(C2CC=CCNC2)cc1,25.0,7.6020599913279625,DAT
Fc1ccc(C2CC=CCNC2)cc1Cl,68.0,7.167491087293763,DAT
Cc1cc(C2CC=CCNC2)ccc1Cl,24.0,7.619788758288394,DAT
Cc1cc(C2CC=CCN(C)C2)ccc1Cl,23.0,7.638272163982407,DAT
Cc1ccc(C2CC=CCNC2)cc1Cl,49.0,7.309803919971486,DAT
C1=CCC(c2ccc3ccccc3c2)CNC1,10.0,8.0,DAT
Clc1ccc(C2CC=CCNC2)cc1Cl,6.0,8.221848749616356,DAT
CN1CC=CCC(c2ccc(Cl)c(Cl)c2)C1,5.0,8.301029995663981,DAT
CCN(CC)c1ccc2c(-c3ccc(S(=O)(=O)NCCCCCC(=O)NCCC(=O)Nc4cccc(-c5ccc6c(c5)COC6(CCCN(C)C)c5ccc(F)cc5)c4)cc3S(=O)(=O)[O-])c3ccc(=[N+](CC)CC)cc-3oc2c1,10900.0,4.962573502059376,DAT
Fc1cc(F)c(F)c(O[C@H](c2ccccc2)[C@@H]2CCNC2)c1F,79.43,7.100015437450609,DAT
Fc1cc(F)c(F)c(O[C@@H](c2ccccc2)[C@H]2CCNC2)c1F,100.0,7.0,DAT
Fc1ccc(F)c(O[C@H](c2ccccc2)[C@H]2CCNC2)c1Cl,63.1,7.199970640755866,DAT
Fc1ccc(F)c(O[C@H](c2ccccc2)[C@@H]2CCNC2)c1Cl,7.943,8.100015437450608,DAT
Fc1ccc(F)c(O[C@@H](c2ccccc2)[C@H]2CCNC2)c1Cl,12.59,7.899974269892137,DAT
Fc1cc(Cl)cc(Cl)c1O[C@@H](c1ccccc1)[C@H]1CCNC1,7.943,8.100015437450608,DAT
Fc1cc(F)c(Cl)c(O[C@H](c2ccccc2)[C@@H]2CCNC2)c1Cl,316.23,6.499996931948306,DAT
Fc1cc(F)c(Cl)c(O[C@@H](c2ccccc2)[C@H]2CCNC2)c1Cl,100.0,7.0,DAT
Fc1ccc(F)c(O[C@@H](c2ccccc2)[C@H]2CCNC2)c1F,125.89,6.900008766455315,DAT
Clc1ccc(Cl)c(O[C@H](c2ccccc2)[C@@H]2CCNC2)c1Cl,100.0,7.0,DAT
Clc1ccc(Cl)c(O[C@@H](c2ccccc2)[C@H]2CCNC2)c1Cl,100.0,7.0,DAT
Clc1cc(Cl)c(Cl)c(O[C@H](c2ccccc2)[C@@H]2CCNC2)c1,398.11,6.399996913372259,DAT
Clc1cc(Cl)c(Cl)c(O[C@@H](c2ccccc2)[C@H]2CCNC2)c1,794.33,6.0999990348465305,DAT
Cc1cc(Cl)ccc1O[C@@H](c1ccccc1)[C@H]1CCNC1,39.81,7.400007822415902,DAT
COc1cc([N+](=O)[O-])ccc1O[C@@H](c1ccccc1)[C@H]1CCNC1,2511.89,5.59999938302362,DAT
COc1cc(Cl)ccc1O[C@H](c1ccccc1)[C@@H]1CCNC1,125.89,6.900008766455315,DAT
COc1cc(Cl)ccc1O[C@@H](c1ccccc1)[C@H]1CCNC1,398.11,6.399996913372259,DAT
Fc1ccc(O[C@@H](c2ccccc2)[C@H]2CCNC2)c(Cl)c1,100.0,7.0,DAT
Fc1cc(Cl)ccc1O[C@@H](c1ccccc1)[C@H]1CCNC1,31.62,7.50003813440381,DAT
Fc1cc(F)cc(O[C@H](c2ccccc2)[C@@H]2CCNC2)c1,100.0,7.0,DAT
Fc1cccc(F)c1O[C@@H](c1ccccc1)[C@H]1CCNC1,63.1,7.199970640755866,DAT
Fc1ccc(O[C@@H](c2ccccc2)[C@H]2CCNC2)c(F)c1,158.49,6.799998134593398,DAT
Clc1cc(Cl)cc(O[C@H](c2ccccc2)[C@@H]2CCNC2)c1,158.49,6.799998134593398,DAT
Clc1cc(Cl)cc(O[C@@H](c2ccccc2)[C@H]2CCNC2)c1,316.23,6.499996931948306,DAT
Clc1cccc(Cl)c1O[C@H](c1ccccc1)[C@@H]1CCNC1,316.23,6.499996931948306,DAT
Clc1cccc(Cl)c1O[C@@H](c1ccccc1)[C@H]1CCNC1,125.89,6.900008766455315,DAT
Clc1ccc(O[C@@H](c2ccccc2)[C@H]2CCNC2)c(Cl)c1,39.81,7.400007822415902,DAT
Clc1cccc(O[C@H](c2ccccc2)[C@@H]2CCNC2)c1Cl,3.162,8.500038134403809,DAT
Clc1cccc(O[C@@H](c2ccccc2)[C@H]2CCNC2)c1Cl,39.81,7.400007822415902,DAT
Fc1ccccc1O[C@H](c1ccccc1)[C@@H]1CCNC1,125.89,6.900008766455315,DAT
Clc1ccc(O[C@H](c2ccccc2)[C@@H]2CCNC2)cc1,158.49,6.799998134593398,DAT
Clc1ccc(O[C@@H](c2ccccc2)[C@H]2CCNC2)cc1,15.85,7.79997073344623,DAT
Clc1cccc(O[C@H](c2ccccc2)[C@@H]2CCNC2)c1,31.62,7.50003813440381,DAT
Clc1cccc(O[C@@H](c2ccccc2)[C@H]2CCNC2)c1,125.89,6.900008766455315,DAT
Clc1ccccc1O[C@H](c1ccccc1)[C@@H]1CCNC1,50.12,7.299988937677888,DAT
Clc1ccccc1O[C@@H](c1ccccc1)[C@H]1CCNC1,63.1,7.199970640755866,DAT
Cc1ccccc1O[C@H](c1ccccc1)[C@@H]1CCNC1,125.89,6.900008766455315,DAT
Cc1ccccc1O[C@@H](c1ccccc1)[C@H]1CCNC1,158.49,6.799998134593398,DAT
COc1ccccc1O[C@H](c1ccccc1)[C@H]1CCNC1,1000.0,6.0,DAT
COc1ccccc1O[C@H](c1ccccc1)[C@@H]1CCNC1,501.19,6.299997602857746,DAT
COc1ccccc1O[C@@H](c1ccccc1)[C@H]1CCNC1,1000.0,6.0,DAT
CCN(CC)C(=O)C1(c2ccccc2)CC1CN,31622.78,4.499999953328896,DAT
CN(C)CC(c1ccc(O)cc1)C1(O)CCCCC1,854.0,6.068542129310995,DAT
COc1ccc(C(CN(C)C)C2(O)CCCCC2)cc1,890.0,6.050609993355087,DAT
COc1ccc(O[C@@H](CC(C)C)[C@H]2CCNC2)c(C)n1.O=C(O)C(O)C(O)C(=O)O,354.0,6.450996737974212,DAT
C=CCN(CC=C)CCc1c[nH]c2ccc(OC)cc12,10000.0,5.0,DAT
CC(N)Cc1c[nH]c2ccccc12,10000.0,5.0,DAT
CNC(C)Cc1ccc2c(c1)OCO2,897.0,6.047207556955907,DAT
CC(N)Cc1ccc2c(c1)OCO2,2425.0,5.615288257061717,DAT
O=C(OCCN1CCCC1)N1c2ccccc2Sc2ccccc21,970.0,6.013228265733755,DAT
Fc1cccc(CCCN[C@H]2C3C4CC5C6C4CC3C6C52)c1,10000.0,5.0,DAT
COc1cc(CN(C)[C@H]2C3C4CC5C6C4CC3C6C52)cc(OC)c1OC,10000.0,5.0,DAT
CN(Cc1ccccc1)[C@H]1C2C3CC4C5C3CC2C5C41,10000.0,5.0,DAT
CN(Cc1cccc(F)c1)[C@H]1C2C3CC4C2C(=O)C2C4C3C21,4523.0,5.344573412254082,DAT
c1ccc(CN[C@H]2C3C4CC5C6C4CC3C6C52)cc1,3480.0,5.458420756053419,DAT
c1ccc(CCN[C@H]2C3C4CC5C6C4CC3C6C52)cc1,2016.0,5.6955094722265125,DAT
c1ccc(CCN[C@H]2C3C4CC5C6C4CC3C6C52)nc1,1558.0,5.807432546663454,DAT
CN(CCc1ccccc1)[C@H]1C2C3CC4C2C(=O)C2C4C3C21,1293.0,5.888401475119606,DAT
C1C2C3CC4C2C2C1C3[C@H](NCC13C5C6C7C5C1C7C63)C42,126.0,6.899629454882437,DAT
COc1cccc(OC)c1-c1nc(C(=O)N[C@@H](CC(C)C)C(=O)O)cn1-c1ccnc2cc(Cl)ccc12,10000.0,5.0,DAT
CN1CCc2c(c3cccc4c3n2Cc2ccccc2C4)C1,10000.0,5.0,DAT
O=C(OCCF)[C@H]1[C@@H](c2ccc(I)cc2)C[C@@H]2CC[C@H]1N2C/C=C/I,1.33,8.876148359032914,DAT
O=C(O)[C@H]1[C@@H](c2ccc(I)cc2)C[C@@H]2CC[C@H]1N2C/C=C/I,36.99,7.431915668684606,DAT
COc1cc2c(cc1OC)CN(C)CC2,10000000.0,2.0,DAT
CCNC(C)C(=O)c1ccccc1,1014.0,5.993962045002682,DAT
Cc1ccc2c(c1)CN(C)CC2c1ccc(F)cc1,36.0,7.443697499232712,DAT
CN1CCC(S(=O)(=O)c2ccc3nc(NC(=O)NC(=O)c4cc(N5CCOCC5)ccc4Cl)sc3c2)CC1,290.0,6.537602002101044,DAT
OC1(c2ccc(Cl)cc2)CCN(CCCOc2ccc(F)cc2)CC1,10000.0,5.0,DAT
OC1(c2ccc(Cl)cc2)CC2CCC(C1)N2CCCCc1ccc(F)cc1,778.0,6.109020403010311,DAT
OC1(c2ccc(Cl)cc2)CC2CCC(C1)N2CCCOc1ccc(F)cc1,620.0,6.207608310501746,DAT
OC1(c2ccc(Cl)cc2)CC2CCC(C1)N2CCCSc1ccc(F)cc1,1081.0,5.96617430604669,DAT
OC1(c2ccc(Cl)cc2)CC2CCC(C1)N2CCCSc1cccc(F)c1,285.0,6.54515513999149,DAT
OC1(c2ccc(Cl)cc2)CC2CCC(C1)N2CCCSc1ccccc1F,354.0,6.450996737974212,DAT
COc1cc2c3c(c1OCc1ccc(Br)cc1)-c1cc4c(cc1CC3N(C)CC2)OCO4,300.0,6.522878745280337,DAT
COc1c(C2CN(C)Cc3ccccc32)ccc2sccc12,1000.0,6.0,DAT
CN1Cc2cc(-c3cccnn3)ccc2C(c2cc3ccccc3o2)C1,41.3,7.384049948343599,DAT
Cc1ccc(C2CN(C)Cc3ccccc32)s1,2250.0,5.647817481888637,DAT
Cc1ccc(C2CN(C)Cc3ccccc32)o1,5640.0,5.248720896016658,DAT
CN1Cc2ccccc2C(c2ccc3cc[nH]c3c2)C1,19.8,7.703334809738469,DAT
CN1Cc2ccccc2C(c2ccc3[nH]ncc3c2)C1,29.4,7.531652669587842,DAT
COc1c(C2CN(C)Cc3cc(-c4ccc(C)nn4)ccc32)ccc2sccc12,1000.0,6.0,DAT
CCOc1ccc(C2(CC(C)CCNCCCC(N)=O)CCC2)cc1,471.6,6.326426203576949,DAT
CN1Cc2ccccc2C(c2ccc3cn[nH]c3c2)C1,300.0,6.522878745280337,DAT
CN1Cc2ccccc2C(c2ccc3sncc3c2)C1,79.4,7.100179497572904,DAT
COc1ccc(C2CN(C)Cc3ccccc32)cn1,2787.0,5.554863031286696,DAT
CN1Cc2cc(N3CCOCC3)ccc2C(c2ccc3sccc3c2)C1,53.4,7.272458742971444,DAT
CN1Cc2cc(CN3CCOCC3)ccc2C(c2cc3ccccc3s2)C1,35.4,7.450996737974212,DAT
CN1Cc2ccccc2C(c2ccc3sccc3c2)C1,3.8,8.42021640338319,DAT
CC(CCNCCCC(N)=O)CC1(c2ccc(Cl)c(Cl)c2)CCC1,1.5,8.823908740944319,DAT
CCN1Cc2ccccc2C(c2ccc3cn[nH]c3c2)C1,105.0,6.978810700930062,DAT
COc1cccc2cc(C3CN(C)Cc4ccccc43)oc12,300.0,6.522878745280337,DAT
CCOc1ccc(C2(C(CC(C)C)NCCOC(=O)CC)CCC2)cc1,80.4,7.094743951251549,DAT
CN1Cc2ccccc2C(c2ccc3occc3c2)C1,4.5,8.346787486224656,DAT
CN1Cc2ccccc2C(c2cccs2)C1,5990.0,5.2225731776106885,DAT
CCCC(=O)NCCNC(CC(C)C)C1(c2ccc(OCC)cc2)CCC1,251.4,6.599634726650061,DAT
CN1Cc2ccccc2C(c2cc3ccccc3s2)C1,14.3,7.844663962534938,DAT
CN1Cc2ccccc2C(c2ccc3[nH]ccc3c2)C1,3.8,8.42021640338319,DAT
CN1Cc2cc(-c3cccnn3)ccc2C(c2ccc3sccc3c2)C1,8.5,8.070581074285707,DAT
CN(C)Cc1ccc2c(c1)CN(C)CC2c1ccc2sccc2c1,4.4,8.356547323513812,DAT
CCOC(=O)NCCNC(CC(C)C)C1(c2ccc(OCC)cc2)CCC1,158.5,6.79997073344623,DAT
CCOC(=O)NCCNC(CC(C)C)C1(c2ccc(Cl)c(Cl)c2)CCC1,38.4,7.4156687756324695,DAT
CN1Cc2ccccc2C(c2ccc3ccoc3c2)C1,7.5,8.1249387366083,DAT
CN1Cc2cc(-c3cccnn3)ccc2C(c2cc3ccccc3s2)C1,119.0,6.924453038607469,DAT
CN1Cc2ccccc2C(c2cccc3ccoc23)C1,4.5,8.346787486224656,DAT
CN1Cc2ccccc2C(c2cc3ccccc3o2)C1,13.5,7.8696662315049934,DAT
Cc1noc(C)c1C1CN(C)Cc2ccccc21,128000.0,3.8927900303521312,DAT
CCCC(=O)NCCNC(CC(C)C)C1(c2ccc(Cl)c(Cl)c2)CCC1,52.7,7.278189384787454,DAT
CCC(=O)OCCNC(CC(C)C)C1(c2ccc(Cl)c(Cl)c2)CCC1,7.2,8.142667503568731,DAT
C=CCN(CC=C)CCc1c[nH]c2ccc(Br)cc12,2511.89,5.59999938302362,DAT
C=CCN(CC=C)CCc1c[nH]c2ccccc12,1258.93,5.899998417198648,DAT
C=CCN(CC=C)CCc1c[nH]c2ccc(C)cc12,3162.28,5.499999678657065,DAT
C=CCN(CC=C)CCc1c[nH]c2ccc(Cl)cc12,794.33,6.0999990348465305,DAT
C=CCN(CC=C)CCc1c[nH]c2ccc(F)cc12,1995.26,5.700000503883016,DAT
OC[C@@]12C[C@@H]1[C@@H](n1cnc3c(NC(C4CC4)C4CC4)nc(Cl)nc31)[C@H](O)[C@@H]2O,4800.0,5.318758762624412,DAT
Fc1ccc(C(SCCNCCCc2ccccc2)c2ccc(F)cc2)cc1,890.0,6.050609993355087,DAT
CC(O)CN1CCN(CCSC(c2ccc(F)cc2)c2ccc(F)cc2)CC1,200.0,6.698970004336019,DAT
CC(O)CN1CCN(CC[S+]([O-])C(c2ccc(F)cc2)c2ccc(F)cc2)CC1,1730.0,5.761953896871205,DAT
[O-][S+](CCN1CCN(CC(O)Cc2ccccc2)CC1)C(c1ccc(F)cc1)c1ccc(F)cc1,12.0,7.920818753952375,DAT
CCCCN1C2CCC1CC(OC(c1ccc(F)cc1)c1ccc(F)cc1)C2,47.0,7.327902142064282,DAT
CCCN1CC[C@H]2c3cc4ccc(C(F)(F)F)cc4nc3[C@H](CC)[C@H]3CCC[C@@H]1[C@@H]32,10000.0,5.0,DAT
CN1Cc2ccccc2C(c2cccc3sccc23)C1,4.5,8.346787486224656,DAT
Cc1cccc2c1C(c1ccc3ccccc3c1)CN(C)C2,39.5,7.403402904373539,DAT
CN1Cc2cc(-c3cnccn3)ccc2C(c2cc3ccccc3s2)C1,33.0,7.481486060122112,DAT
CN1Cc2cc(N3CCOCC3)ccc2C(c2cc3ccccc3s2)C1,284.0,6.546681659952963,DAT
CN1Cc2cc(N3CCCCC3)ccc2C(c2cc3ccccc3s2)C1,460.0,6.337242168318426,DAT
CN1Cc2ccccc2C(c2ccc3[nH]ncc3c2)C1Cl,11.5,7.939302159646388,DAT
CN1Cc2ccccc2C(c2ccc3cnsc3c2)C1,36.5,7.437707135543525,DAT
CN1Cc2cc(-c3cccnn3)ccc2C(c2ccc3ccccc3c2)C1,59.7,7.224025668870631,DAT
CC1NOC(C)C1c1ccc2c(c1)CN(C)CC2c1ccc2ccccc2c1,104.0,6.982966660701219,DAT
CN1Cc2cc(-c3cncnc3)ccc2C(c2cc3ccccc3s2)C1,39.0,7.4089353929735005,DAT
CCOCCCCNC(CC(C)C)C1(c2ccc(SC)cc2)CCC1,92.02,7.036117771071223,DAT
CCOCCNC(CC(C)C)C1(c2ccc(Cl)c(Cl)c2)CCC1,2.38,8.623423042943488,DAT
CCSCCCCNC(CC(C)C)C1(c2ccc(Cl)cc2)CCC1,67.56,7.170310359101029,DAT
CCOc1ccc(C2(C(CC(C)C)NCCSCC)CCC2)cc1,115.7,6.93666664104825,DAT
CCSCCCCNC(CC(C)C)C1(c2ccc(Cl)c(Cl)c2)CCC1,23.93,7.621057301386562,DAT
CCCCSCCCCNC(CC(C)C)C1(c2ccc(Cl)c(Cl)c2)CCC1,104.2,6.9821322810364945,DAT
CCSCCNC(CC)C1(c2ccc(Cl)c(Cl)c2)CCC1,49.19,7.3081231774406685,DAT
CCS(=O)(=O)CCCCNC(CC(C)C)C1(c2ccc(Cl)c(Cl)c2)CCC1,29.45,7.530914700876879,DAT
CCC(NC(CC(C)C)C1(c2ccc(Cl)cc2)CCC1)C(=O)O,45.2,7.3448615651886175,DAT
CCC(NC(CC(C)C)C1(c2ccc(Cl)cc2)CCC1)C(=O)OCC(C)C,294.0,6.531652669587842,DAT
CC(C)CC(NCCCC(N)=O)C1(c2ccc(Cl)c(Cl)c2)CCC1,1.5,8.823908740944319,DAT
COC(=O)[C@H]1[C@@H](c2ccc([125I])cc2)CC2CC[C@H]1N2C,11.0,7.958607314841775,DAT
CN(C)CCN1C2CCC1CC(OC(c1ccc(F)cc1)c1ccc(F)cc1)C2,47.0,7.327902142064282,DAT
CN(C)CCN1C2CCC1CC(NC(c1ccc(F)cc1)c1ccc(F)cc1)C2,40.0,7.3979400086720375,DAT
CCOC(=O)[C@@H]1C2CCC(C[C@@H]1OC(c1ccc(F)cc1)c1ccc(F)cc1)N2CCc1c[nH]c2ccccc12,944.0,6.025028005701931,DAT
CCOC(=O)[C@@H]1C2CCC(C[C@@H]1OC(c1ccc(F)cc1)c1ccc(F)cc1)N2C[C@H](N)C(C)C,1050.0,5.978810700930062,DAT
CC(C)[C@@H](N)CN1C2CCC1CC(OC(c1ccc(F)cc1)c1ccc(F)cc1)C2,133.0,6.876148359032914,DAT
CCCCN1C2CCC1CC(NC(c1ccc(F)cc1)c1ccc(F)cc1)C2,62.0,7.207608310501746,DAT
Cc1ccc(C2CC3CCC(C2c2cc(-c4ccc(Cl)cc4)no2)N3C)cc1,9.7,8.013228265733755,DAT
Cc1ccc(-c2cc(C3C(c4ccc(Cl)cc4)CC4CCC3N4C)on2)cc1,16.0,7.795880017344075,DAT
CN1C2CCC1[C@@H](c1cc(-c3ccccc3)no1)[C@@H](OC(c1ccc(F)cc1)c1ccc(F)cc1)C2,1300.0,5.886056647693163,DAT
Fc1ccc(C(OC2CC3CCC(C2)N3CCc2c[nH]c3ccccc23)c2ccc(F)cc2)cc1,253.0,6.596879478824182,DAT
CCOC(=O)C1CN(CCn2c(=O)[nH]c3ccccc3c2=O)CCC1c1ccc(F)cc1,2440.0,5.61261017366127,DAT
CCOC(=O)[C@@H]1CN(CCn2c(=O)[nH]c3ccccc3c2=O)CC[C@@H]1c1ccc(-c2ccccc2)cc1,10000.0,5.0,DAT
CN1Cc2c(N)cccc2C(c2ccc(Cl)c(Cl)c2)C1,10.9,7.962573502059376,DAT
C#Cc1ccc(C2CN3CCCC3c3ccccc32)cc1,5.2,8.2839966563652,DAT
COC[C@H]1CN[C@H]2CC[C@]1(c1ccc(Cl)c(Cl)c1)C2,1.514,8.819874124835946,DAT
COC[C@@H]1CN[C@@H]2CC[C@@]1(c1ccc(Cl)c(Cl)c1)C2,79.43,7.100015437450609,DAT
COC[C@@H]1CN[C@H]2CC[C@]1(c1ccc(Cl)c(Cl)c1)C2,5.754,8.240030142445693,DAT
COC[C@H]1CN[C@@H]2CC[C@@]1(c1ccc(Cl)c(Cl)c1)C2,5.012,8.299988937677888,DAT
Clc1ccc(C2CCNCC23CCOCC3)cc1Cl,19.95,7.700057099977233,DAT
Clc1ccc(C2CCNCC23COC3)cc1Cl,158.49,6.799998134593398,DAT
CC[C@H]1c2cc(OC)ccc2CC[C@@]1(C)N,5011.87,5.300000202445418,DAT
CC[C@H]1c2cc(C)ccc2OC[C@@]1(C)N,10000.0,5.0,DAT
COc1cc(OC)c2c(c1)OC[C@@]1(C)NCC[C@@H]21,10000.0,5.0,DAT
CCCCCCCCCCC[C@@H]1CCN[C@H](C(=O)NCC(O)CO)C1,1800.0,5.7447274948966935,DAT
NC(=O)c1ncn([C@H]2[C@H](O)[C@H](O)[C@]3(CO)C[C@H]23)n1,6610.0,5.17979854051436,DAT
FC(F)(F)c1cc(Oc2nccc3occc23)ccc1-c1cccc2nccn12,9100.0,5.040958607678906,DAT
CCCN(CC[C@]1(O)C[C@H](NC(=O)c2ccc3ccccc3c2)C1)[C@H]1CCc2nc(N)sc2C1,205.0,6.688246138944246,DAT
CN(CCOc1cc(COc2ccccc2)on1)CC1CC1.Cl,10000.0,5.0,DAT
CN(CCOc1cc(COc2ccccc2)on1)C1CCCCC1.Cl,10000.0,5.0,DAT
Cc1nccc2c1C(C)(C)Nc1cc(Br)ccc1-2,10000.0,5.0,DAT
CC(O)CN1[C@H](C)CN(CCSC(c2ccc(F)cc2)c2ccc(F)cc2)C[C@@H]1C,58.3,7.234331445240986,DAT
CC(O)CN1[C@H](C)CN(CC[S+]([O-])C(c2ccc(F)cc2)c2ccc(F)cc2)C[C@@H]1C,406.0,6.391473966422806,DAT
C[C@@H]1CN(CC[S+]([O-])C(c2ccc(F)cc2)c2ccc(F)cc2)C[C@H](C)N1CC(O)Cc1ccccc1,3.83,8.416801226031378,DAT
OC(CN1CCC2(CCN(CCSC(c3ccc(F)cc3)c3ccc(F)cc3)CC2)C1)c1ccccc1,104.0,6.982966660701219,DAT
COc1cccc2c(N3CCN(c4ccccc4F)CC3)c(C#N)cnc12,430.0,6.366531544420413,DAT
[2H]C([2H])([2H])Oc1cc(F)cc2c(N3CCN(c4ccccc4F)CC3)c(C#N)cnc12,10000.0,5.0,DAT
CC(C)Oc1cc(F)cc2c(N3CCN(c4ccccc4F)CC3)c(C#N)cnc12,10000.0,5.0,DAT
N#Cc1cnc2c(OC3CCOC3)cccc2c1N1CCN(c2ccccc2F)CC1,10000.0,5.0,DAT
N#Cc1cnc2c(N3CCOCC3)cccc2c1N1CCN(c2ccccc2F)CC1,10000.0,5.0,DAT
O=C(NCCCCC(c1ccc(F)cc1)c1ccc(F)cc1)Nc1ccc(Cl)cc1,15.0,7.823908740944319,DAT
O=C(NCCCCC(c1ccc(F)cc1)c1ccc(F)cc1)Nc1ccc(Cl)c(C(F)(F)F)c1,6.5,8.187086643357144,DAT
CC(=O)Nc1cc(NC(=O)NCCCCC(c2ccc(F)cc2)c2ccc(F)cc2)ccc1Cl,609.0,6.215382707367125,DAT
Cc1ccc(NC(=O)NCCCCC(c2ccc(F)cc2)c2ccc(F)cc2)cc1C,80.0,7.096910013008056,DAT
Cc1cc(Cl)ccc1NC(=O)NCCCCC(c1ccc(F)cc1)c1ccc(F)cc1,118.0,6.928117992693874,DAT
Cc1ccc(C(CCCCNC(=O)Nc2ccc(Cl)cc2)c2ccc(C)cc2)cc1,535.0,6.2716462179787715,DAT
COc1ccc(C(CCCCNC(=O)Nc2ccc(Cl)c(C(F)(F)F)c2)c2ccc(OC)cc2)cc1,40.0,7.3979400086720375,DAT
COc1ccc(C(CCCCNC(=O)Nc2ccc(Cl)c([N+](=O)[O-])c2)c2ccc(OC)cc2)cc1,144.0,6.84163750790475,DAT
O=C(NCCCCN(c1ccc(F)cc1)c1ccc(F)cc1)Nc1ccc(Cl)cc1,405.0,6.392544976785331,DAT
O=C(NCCCCN(c1ccc(F)cc1)c1ccc(F)cc1)Nc1ccc(Cl)c(C(F)(F)F)c1,43.0,7.366531544420414,DAT
O=C(NCCCC(c1ccc(F)cc1)c1ccc(F)cc1)Nc1ccc(Cl)c(C(F)(F)F)c1,141.0,6.85078088734462,DAT
O=C(NCCCCCC(c1ccc(F)cc1)c1ccc(F)cc1)Nc1ccc(Cl)c(C(F)(F)F)c1,399.0,6.399027104313252,DAT
CN(CCCCC(c1ccc(F)cc1)c1ccc(F)cc1)C(=O)Nc1ccc(Cl)c(C(F)(F)F)c1,998.0,6.000869458712629,DAT
O=C(NCCCCC(c1ccc(F)cc1)c1ccc(F)cc1)c1ccc(Cl)c(C(F)(F)F)c1,603.0,6.219682687859849,DAT
O=C(Nc1ccc(Cl)c(C(F)(F)F)c1)N1CCC(C(c2ccc(F)cc2)c2ccc(F)cc2)CC1,1589.0,5.798876102792621,DAT
CN(C)C(=O)Cn1cc(-c2nc(C3(c4ccc(-c5cnc(N)nc5)cc4)CC3)no2)cn1,855.0,6.068033885271827,DAT
O=S(=O)(NC1CCC(c2cc(F)ccc2F)(S(=O)(=O)c2ccc(Cl)cc2)CC1)C(F)(F)F,3137.0,5.5034854813022545,DAT
CC(C)(C)OC(=O)N1CCCC1CNC1CCC(c2cc(F)ccc2F)(S(=O)(=O)c2ccc(Cl)cc2)CC1,10000.0,5.0,DAT
Cc1cnc(-c2cc(Cl)ccc2F)cc1-n1c(=O)n(CC(N)=O)c2cnccc21,10000.0,5.0,DAT
CCC(=O)N(c1ccc(Cl)c(Cl)c1)C1CCN(C(=O)[C@H](Cc2ccc(Cl)cc2)NC(=O)CNC(=O)[C@@H](C)NC(=O)[C@@H](N)Cc2ccc(O)cc2)CC1,50000.0,4.301029995663981,DAT
CCCC[C@@H](NC(=O)[C@@H](N)Cc1ccc(O)cc1)C(=O)NCC(=O)N[C@@H](Cc1ccc(F)cc1)C(=O)N1CCC(N(C(=O)CC)c2ccc(Cl)c(Cl)c2)CC1,50000.0,4.301029995663981,DAT
CCC(=O)N(c1ccc(Cl)c(Cl)c1)C1CCN(C(=O)[C@H](Cc2ccc(Cl)cc2)NC(=O)CNC(=O)[C@@H](C)NC(=O)[C@@H](N)Cc2c(C)cc(O)cc2C)CC1,50000.0,4.301029995663981,DAT
CCCC[C@@H](NC(=O)[C@@H](N)Cc1c(C)cc(O)cc1C)C(=O)NCC(=O)N[C@@H](Cc1ccc(F)cc1)C(=O)N1CCC(N(C(=O)CC)c2ccc(Cl)c(Cl)c2)CC1,50000.0,4.301029995663981,DAT
CCC(=O)N(c1ccc(Cl)c(Cl)c1)C1CCN(C(=O)[C@H](Cc2ccc(F)cc2)NC(=O)CNC(=O)[C@H]2Cc3ccccc3CN2C(=O)[C@@H](N)Cc2cc(C)c(O)c(C)c2)CC1,50000.0,4.301029995663981,DAT
CCC(=O)N(c1ccc(Cl)c(Cl)c1)C1CCN(C(=O)[C@H](Cc2ccc(Cl)cc2)NC(=O)[C@H]2Cc3ccccc3CN2C(=O)[C@@H](N)Cc2cc(C)c(O)c(C)c2)CC1,50000.0,4.301029995663981,DAT
CCC(=O)N(c1ccc(Cl)c(Cl)c1)C1CCN(C(=O)[C@H](Cc2ccc(F)cc2)NC(=O)[C@H]2Cc3ccccc3CN2C(=O)[C@@H](N)Cc2cc(C)c(O)c(C)c2)CC1,50000.0,4.301029995663981,DAT
N=c1c2c(-c3ccccc3)c(-c3ccccc3)n(Cc3ccccc3)c2ncn1[C@H]1CC[C@H](O)CC1,3411.0,5.467118280592603,DAT
O=C(Nc1ccc(-n2nc(-c3cccnc3)cc2C(F)(F)F)cn1)c1ccc(-c2ccccc2)c(F)c1,10000.0,5.0,DAT
Cc1c[nH]c2nccc(Oc3c(F)cc(Nc4cc(Cl)nc(N)n4)cc3F)c12,27.0,7.568636235841012,DAT
CN1CCN(c2ccnc(NCCc3ccccc3)n2)CC1,864.98,6.062993934142185,DAT
C=CC(=O)Nc1ccc2[nH]c(=O)n(C3CCN(Cc4ccc(-c5nc6cc[nH]c(=O)c6cc5-c5ccccc5)cc4)CC3)c2c1,3655.95,5.436999752454778,DAT
COc1ccc(CC[C@@H](OC(=O)[C@H]2CCCCN2C(=O)[C@@H](c2cc(OC)c(OC)c(OC)c2)C2CCCCC2)c2cccc(OCCN3CCOCC3)c2)cc1OC,2175.7,5.6624009882600115,DAT
COc1cnccc1Nc1nc(-c2nn(Cc3c(F)cc(OCCO)cc3F)c3ccccc23)ncc1OC,10000.0,5.0,DAT
COC[C@H](NC(=O)c1ccn(S(C)(=O)=O)c1)C(=O)Nc1nc(-c2cccc(-c3ccn(C)n3)c2)cs1,10000.0,5.0,DAT
C[C@H](NC(=O)c1cn(C2(C#N)CC2)cn1)C(=O)Nc1nc(-c2cccc(-c3ccn(C)n3)c2)cs1,10000.0,5.0,DAT
N#CN1CC[C@@H](C(=O)Nc2nc3c(s2)CN(C(=O)CN=[N+]=[N-])CC3)C1,10000.0,5.0,DAT
c1ccc(C2CCN(c3cnc4c(N5CCOCC5)nccn34)CC2)cc1,4132.38,5.3837997490316525,DAT
Cl.NC[C@@H]1O[C@H](C23CC4CC(CC(C4)C2)C3)Cc2c1ccc(O)c2O,478.08,6.3204994242007135,DAT
Br.CN1CCc2cc(Br)c(O)cc2C(c2ccccc2)C1,2385.61,5.622400553411655,DAT
O=S1(=O)c2cccc3cccc(c23)N1CCCN1CCN(c2ccc(F)cc2)CC1,2689.68,5.570299386354837,DAT
COc1ccc(OC(F)(F)F)cc1CN[C@H]1CCCN[C@H]1c1ccccc1.Cl.Cl,2473.43,5.6067003759987735,DAT
CCCn1c(=O)c2nc(C34CC5CC(CC3C5)C4)[nH]c2n(CCC)c1=O,3362.02,5.473399707355857,DAT
C[C@H](NC[C@H](O)CP(=O)(O)CC1CCCCC1)c1ccc(Cl)c(Cl)c1.Cl,520.2,6.283829652140146,DAT
Cc1nc(-c2ccc(-c3ccc(C(=O)N4CCc5cc6c(cc54)C4(CCN(C)CC4)CO6)cc3)c(C)c2)no1,1180.59,5.927900899721644,DAT
CCOC(=O)c1c(C)[nH]c2ccc3c(c12)CN1CCc2cc(OC)ccc2C1O3,673.28,6.171804286198393,DAT
Cc1nc2sccn2c(=O)c1CCN1CCC(=C(c2ccc(F)cc2)c2ccc(F)cc2)CC1,318.27,6.497204295869993,DAT
CN1C2CCC1CC(OC(c1ccc(F)cc1)c1ccc(F)cc1)C2.Cl,22.01,7.657379957446652,DAT
CN(C)C(=O)C(CCN1CCC(O)(c2ccc(Cl)cc2)CC1)(c1ccccc1)c1ccccc1.Cl,1412.7,5.849950054837615,DAT
O=C(c1cc2c(cc1F)OC(c1ccc(F)cc1)(c1ccc(Cl)cc1Cl)O2)N1CCOCC1,3456.6,5.461350874389829,DAT
c1cc(CN2CCCNCCNCCCNCC2)ccc1CN1CCCNCCNCCCNCC1,10000.0,5.0,DAT
CCc1cc2c(cc1CC)CC(NC[C@H](O)c1ccc(O)c3[nH]c(=O)ccc13)C2,75.02,7.124822940185296,DAT
FC(F)(F)c1c(N2CCC(c3ccccc3)CC2)ccn2c(CC3CC3)nnc12,4309.23,5.365600325344193,DAT
O=c1ccc2ccc(OCCCCN3CCN(c4cccc5sccc45)CC3)cc2[nH]1,363.83,6.439101493570257,DAT
OCc1cc(C(O)CNCCCCCCOCCCCc2ccccc2)ccc1O,149.42,6.825591267926878,DAT
COc1ccc(NC(=O)c2ccc(-c3ccc(-c4noc(C)n4)cc3C)cc2)cc1OCCN(C)C.Cl,983.56,6.007199141719122,DAT
Cn1cc2c(-c3c(-c4ccc(F)cn4)nn4c3COC(C)(C)C4)ccnc2n1,7216.06,5.141699864385103,DAT
c1ccc2c(CCC3NCCc4cc5c(cc43)OCO5)c[nH]c2c1,680.0,6.167491087293763,DAT
CC(O)CN1CCCN(CCSC(c2ccc(F)cc2)c2ccc(F)cc2)CC1,80.0,7.096910013008056,DAT
[O-][S+](CCN1CCCN(CC(O)Cc2ccccc2)CC1)C(c1ccc(F)cc1)c1ccc(F)cc1,32.0,7.494850021680094,DAT
CC(O)CN1CCC(CC[S+]([O-])C(c2ccc(F)cc2)c2ccc(F)cc2)CC1,355.0,6.449771646944906,DAT
Fc1ccc(C(SCCN2CCN(c3ccncc3)CC2)c2ccc(F)cc2)cc1,106.0,6.97469413473523,DAT
CCSCCNC(CC(C)C)C1(c2ccc(Cl)c(Cl)c2)CCC1,49.2,7.308034897232639,DAT
O=C(/N=C1\CN(CCCc2ccccc2)NO1)Nc1ccccc1,25000.0,4.6020599913279625,DAT
CNCC(Cc1ccccc1CO)c1ccc2ccccc2c1,5.5,8.259637310505756,DAT
CNCC(c1ccc(Br)c(Cl)c1)[C@H](O)c1ccccc1,6.6,8.18045606445813,DAT
CNCC(Cc1ccccc1F)c1ccc2ccccc2c1,21.6,7.665546248849069,DAT
CNC[C@H](c1ccc2ccccc2c1)[C@H](OCC(=O)N1CC[C@H](O)C1)c1ccccc1,17.0,7.769551078621726,DAT
CNCC(c1ccc2ccccc2c1)[C@H](CO)c1ccccc1,106.0,6.97469413473523,DAT
CNCC(CCc1ccccc1)[C@@H](O)c1ccccc1,96.7,7.014573525916998,DAT
CNC[C@H](c1ccc2ccccc2c1)[C@H](OCc1cccn(C)c1=O)c1ccccc1,24.6,7.609064892896621,DAT
CNC[C@H](c1ccc2ccccc2c1)[C@H](OCC(=O)N1CC[C@@H](O)C1)c1ccccc1,28.5,7.54515513999149,DAT
CNCC(c1ccc2ccccc2c1)C(OC)c1ccccc1,49.9,7.30189945437661,DAT
CNCC(Cc1ccccc1C)c1ccc2ccccc2c1,34.3,7.464705879957229,DAT
CNCC(Cc1cccs1)c1ccc2ccccc2c1,114.0,6.943095148663527,DAT
CNCC(Cc1cccnc1)c1ccc2ccccc2c1,78.0,7.107905397309519,DAT
CNC[C@H](c1ccc2ccccc2c1)[C@H](OCC(=O)N1CCCC1)c1ccccc1,36.5,7.437707135543525,DAT
CNCC(Cc1ccccc1O)c1ccc2ccccc2c1,26.7,7.573488738635425,DAT
CNCC(c1ccc(Cl)c(Cl)c1)[C@H](O)c1ccccc1,9.8,8.008773924307505,DAT
CNCC(Cc1ccccc1OC)c1ccc2ccccc2c1,20.2,7.694648630553377,DAT
CNCC(CCc1ccccc1)[C@H](O)c1ccccc1,28.9,7.539102157243452,DAT
CNC[C@@H](c1ccc2ccccc2c1)[C@H](O)c1ccccn1,100.0,7.0,DAT
CNCC(c1ccc(F)c(Cl)c1)[C@H](O)c1ccccc1,56.6,7.247183568811728,DAT
CNCC(Cc1ccccc1)c1ccc2cccnc2c1,505.0,6.296708621881338,DAT
CN1CCO[C@H](c2ccccc2)[C@@H](c2ccc3ccccc3c2)C1,44.7,7.349692476868063,DAT
CNCC(Cc1cccnc1)c1ccc(Cl)c(Cl)c1,52.2,7.282329496997738,DAT
CNC[C@H](c1ccc2ccccc2c1)[C@H](O[C@H](C)C(=O)N1CCCC1)c1ccccc1,1360.0,5.866461091629782,DAT
CNCC(C[C@H](O)c1ccccc1)c1ccc2ccccc2c1,247.0,6.607303046740334,DAT
CN(C)CC(C)(c1ccc2ccccc2c1)C(O)c1ccccc1,9.9,8.00436480540245,DAT
NCC(c1ccc2ccccc2c1)[C@@H](O)c1ccccc1,249.0,6.603800652904264,DAT
CNC[C@H](C[C@H](O)c1ccccc1)c1ccc2ccccc2c1,137.0,6.863279432843593,DAT
NCC(c1ccc2ccccc2c1)C(O)c1ccc(F)cc1F,126.0,6.899629454882437,DAT
CNC[C@H](c1ccc(-c2ccccc2)cc1)[C@H](O)c1ccccc1,1570.0,5.804100347590767,DAT
CNC[C@@H](c1ccc(Cl)c(Cl)c1)[C@@H](O)c1cccc([S+](C)[O-])c1,39.7,7.401209493236885,DAT
NC[C@@H](c1ccc2ccccc2c1)C(O)c1ccncc1Cl,139.0,6.856985199745905,DAT
CN1CCO[C@@H](c2ccccc2)[C@@H](c2ccc3ccccc3c2)C1,379.0,6.421360790031928,DAT
CNC[C@@H](c1ccc(Cl)c(Cl)c1)[C@@H](O)c1cccc(N2CCOCC2)c1,65.3,7.185086818724926,DAT
CNC[C@@H](c1ccc(Cl)c(Cl)c1)[C@@H](O)c1ccccc1[S+](C)[O-],193.0,6.714442690992226,DAT
CN1C[C@H](c2ccc3ccccc3c2)[C@@H](c2ccccc2)OCC1=O,43.5,7.361510743045363,DAT
NCC(Cc1ccccc1F)c1ccc2ccccc2c1,77.7,7.1095789811990855,DAT
CNCC(Cc1ccc(C)s1)c1ccc2ccccc2c1,88.7,7.052076380168273,DAT
CNC[C@H](c1ccc2ccccc2c1)[C@H](O)c1ccc2c(c1)OCCO2,106.0,6.97469413473523,DAT
CNC[C@@H](c1ccc2ccccc2c1)[C@@H](O)c1ccc2c(c1)OCCO2,134.0,6.872895201635192,DAT
CNC[C@H](c1ccc(Cl)c(Cl)c1)[C@H](O)c1ccncc1,46.6,7.33161408331,DAT
CNC[C@@H](c1ccc(Cl)c(Cl)c1)[C@@H](O)c1cccc(OC)n1,53.4,7.272458742971444,DAT
CNC[C@H](c1ccc(Cl)c(Cl)c1)[C@H](O)c1cccc(OC)n1,132.0,6.8794260687941495,DAT
CNCC(c1ccc2ccccc2c1)[C@@H](O)c1ccc(Cl)nc1,146.0,6.835647144215563,DAT
O=C(Nc1ccc([C@H]2CNCCO2)cc1)c1cnc(-c2ccccc2)s1,5930.0,5.226945306635738,DAT
Cc1c(-c2ccccc2)n[nH]c1C(=O)Nc1ccc([C@H]2CNCCO2)cc1,9770.0,5.010105436281227,DAT
O=C(Nc1ccc([C@H]2CNCCO2)cc1)c1csc(-c2ccccc2)n1,16220.0,4.789949150124863,DAT
